<annotation>
	<folder>images</folder>
	<filename>1_088.jpg</filename>
	<path>/home/linrken/workbench/gc/images/1_088.jpg</path>
	<source>
		<database>Unknown</database>
	</source>
	<size>
		<width>224</width>
		<height>224</height>
		<depth>3</depth>
	</size>
	<segmented>0</segmented>
	<object>
		<name>w</name>
		<pose>Unspecified</pose>
		<truncated>0</truncated>
		<difficult>0</difficult>
		<bndbox>
			<xmin>33</xmin>
			<ymin>137</ymin>
			<xmax>53</xmax>
			<ymax>163</ymax>
		</bndbox>
	</object>
</annotation>
