<annotation>
	<folder>images</folder>
	<filename>2_007.jpg</filename>
	<path>/home/linrken/workbench/gc/images/2_007.jpg</path>
	<source>
		<database>Unknown</database>
	</source>
	<size>
		<width>224</width>
		<height>224</height>
		<depth>3</depth>
	</size>
	<segmented>0</segmented>
	<object>
		<name>w</name>
		<pose>Unspecified</pose>
		<truncated>0</truncated>
		<difficult>0</difficult>
		<bndbox>
			<xmin>142</xmin>
			<ymin>136</ymin>
			<xmax>161</xmax>
			<ymax>160</ymax>
		</bndbox>
	</object>
</annotation>
