<annotation>
	<folder>images</folder>
	<filename>2_011.jpg</filename>
	<path>/home/linrken/workbench/gc/images/2_011.jpg</path>
	<source>
		<database>Unknown</database>
	</source>
	<size>
		<width>224</width>
		<height>224</height>
		<depth>3</depth>
	</size>
	<segmented>0</segmented>
	<object>
		<name>w</name>
		<pose>Unspecified</pose>
		<truncated>0</truncated>
		<difficult>0</difficult>
		<bndbox>
			<xmin>107</xmin>
			<ymin>139</ymin>
			<xmax>125</xmax>
			<ymax>159</ymax>
		</bndbox>
	</object>
	<object>
		<name>w</name>
		<pose>Unspecified</pose>
		<truncated>0</truncated>
		<difficult>0</difficult>
		<bndbox>
			<xmin>181</xmin>
			<ymin>94</ymin>
			<xmax>191</xmax>
			<ymax>107</ymax>
		</bndbox>
	</object>
</annotation>
