<annotation>
	<folder>images</folder>
	<filename>2_013.jpg</filename>
	<path>/home/linrken/workbench/gc/images/2_013.jpg</path>
	<source>
		<database>Unknown</database>
	</source>
	<size>
		<width>224</width>
		<height>224</height>
		<depth>3</depth>
	</size>
	<segmented>0</segmented>
	<object>
		<name>w</name>
		<pose>Unspecified</pose>
		<truncated>0</truncated>
		<difficult>0</difficult>
		<bndbox>
			<xmin>100</xmin>
			<ymin>139</ymin>
			<xmax>119</xmax>
			<ymax>160</ymax>
		</bndbox>
	</object>
	<object>
		<name>w</name>
		<pose>Unspecified</pose>
		<truncated>0</truncated>
		<difficult>0</difficult>
		<bndbox>
			<xmin>171</xmin>
			<ymin>93</ymin>
			<xmax>184</xmax>
			<ymax>106</ymax>
		</bndbox>
	</object>
</annotation>
