<annotation>
	<folder>images</folder>
	<filename>2_018.jpg</filename>
	<path>/home/linrken/workbench/gc/images/2_018.jpg</path>
	<source>
		<database>Unknown</database>
	</source>
	<size>
		<width>224</width>
		<height>224</height>
		<depth>3</depth>
	</size>
	<segmented>0</segmented>
	<object>
		<name>w</name>
		<pose>Unspecified</pose>
		<truncated>0</truncated>
		<difficult>0</difficult>
		<bndbox>
			<xmin>112</xmin>
			<ymin>132</ymin>
			<xmax>130</xmax>
			<ymax>153</ymax>
		</bndbox>
	</object>
	<object>
		<name>w</name>
		<pose>Unspecified</pose>
		<truncated>0</truncated>
		<difficult>0</difficult>
		<bndbox>
			<xmin>183</xmin>
			<ymin>89</ymin>
			<xmax>197</xmax>
			<ymax>104</ymax>
		</bndbox>
	</object>
</annotation>
