<annotation>
	<folder>images</folder>
	<filename>2_035.jpg</filename>
	<path>/home/linrken/workbench/gc/images/2_035.jpg</path>
	<source>
		<database>Unknown</database>
	</source>
	<size>
		<width>224</width>
		<height>224</height>
		<depth>3</depth>
	</size>
	<segmented>0</segmented>
	<object>
		<name>w</name>
		<pose>Unspecified</pose>
		<truncated>0</truncated>
		<difficult>0</difficult>
		<bndbox>
			<xmin>111</xmin>
			<ymin>133</ymin>
			<xmax>130</xmax>
			<ymax>155</ymax>
		</bndbox>
	</object>
	<object>
		<name>w</name>
		<pose>Unspecified</pose>
		<truncated>0</truncated>
		<difficult>0</difficult>
		<bndbox>
			<xmin>183</xmin>
			<ymin>90</ymin>
			<xmax>195</xmax>
			<ymax>105</ymax>
		</bndbox>
	</object>
</annotation>
