<annotation>
	<folder>images</folder>
	<filename>2_039.jpg</filename>
	<path>/home/linrken/workbench/gc/images/2_039.jpg</path>
	<source>
		<database>Unknown</database>
	</source>
	<size>
		<width>224</width>
		<height>224</height>
		<depth>3</depth>
	</size>
	<segmented>0</segmented>
	<object>
		<name>w</name>
		<pose>Unspecified</pose>
		<truncated>0</truncated>
		<difficult>0</difficult>
		<bndbox>
			<xmin>111</xmin>
			<ymin>137</ymin>
			<xmax>129</xmax>
			<ymax>157</ymax>
		</bndbox>
	</object>
	<object>
		<name>w</name>
		<pose>Unspecified</pose>
		<truncated>0</truncated>
		<difficult>0</difficult>
		<bndbox>
			<xmin>182</xmin>
			<ymin>93</ymin>
			<xmax>194</xmax>
			<ymax>107</ymax>
		</bndbox>
	</object>
</annotation>
