<annotation>
	<folder>images</folder>
	<filename>2_041.jpg</filename>
	<path>/home/linrken/workbench/gc/images/2_041.jpg</path>
	<source>
		<database>Unknown</database>
	</source>
	<size>
		<width>224</width>
		<height>224</height>
		<depth>3</depth>
	</size>
	<segmented>0</segmented>
	<object>
		<name>w</name>
		<pose>Unspecified</pose>
		<truncated>0</truncated>
		<difficult>0</difficult>
		<bndbox>
			<xmin>106</xmin>
			<ymin>136</ymin>
			<xmax>124</xmax>
			<ymax>159</ymax>
		</bndbox>
	</object>
	<object>
		<name>w</name>
		<pose>Unspecified</pose>
		<truncated>0</truncated>
		<difficult>0</difficult>
		<bndbox>
			<xmin>178</xmin>
			<ymin>92</ymin>
			<xmax>190</xmax>
			<ymax>106</ymax>
		</bndbox>
	</object>
</annotation>
