<annotation>
	<folder>images</folder>
	<filename>2_059.jpg</filename>
	<path>/home/linrken/workbench/gc/images/2_059.jpg</path>
	<source>
		<database>Unknown</database>
	</source>
	<size>
		<width>224</width>
		<height>224</height>
		<depth>3</depth>
	</size>
	<segmented>0</segmented>
	<object>
		<name>w</name>
		<pose>Unspecified</pose>
		<truncated>0</truncated>
		<difficult>0</difficult>
		<bndbox>
			<xmin>90</xmin>
			<ymin>135</ymin>
			<xmax>108</xmax>
			<ymax>156</ymax>
		</bndbox>
	</object>
	<object>
		<name>w</name>
		<pose>Unspecified</pose>
		<truncated>0</truncated>
		<difficult>0</difficult>
		<bndbox>
			<xmin>149</xmin>
			<ymin>87</ymin>
			<xmax>160</xmax>
			<ymax>100</ymax>
		</bndbox>
	</object>
</annotation>
