<annotation>
	<folder>images</folder>
	<filename>2_054.jpg</filename>
	<path>/home/linrken/workbench/gc/images/2_054.jpg</path>
	<source>
		<database>Unknown</database>
	</source>
	<size>
		<width>224</width>
		<height>224</height>
		<depth>3</depth>
	</size>
	<segmented>0</segmented>
	<object>
		<name>w</name>
		<pose>Unspecified</pose>
		<truncated>0</truncated>
		<difficult>0</difficult>
		<bndbox>
			<xmin>124</xmin>
			<ymin>131</ymin>
			<xmax>142</xmax>
			<ymax>151</ymax>
		</bndbox>
	</object>
	<object>
		<name>w</name>
		<pose>Unspecified</pose>
		<truncated>0</truncated>
		<difficult>0</difficult>
		<bndbox>
			<xmin>192</xmin>
			<ymin>90</ymin>
			<xmax>205</xmax>
			<ymax>105</ymax>
		</bndbox>
	</object>
</annotation>
