<annotation>
	<folder>images</folder>
	<filename>2_064.jpg</filename>
	<path>/home/linrken/workbench/gc/images/2_064.jpg</path>
	<source>
		<database>Unknown</database>
	</source>
	<size>
		<width>224</width>
		<height>224</height>
		<depth>3</depth>
	</size>
	<segmented>0</segmented>
	<object>
		<name>w</name>
		<pose>Unspecified</pose>
		<truncated>0</truncated>
		<difficult>0</difficult>
		<bndbox>
			<xmin>70</xmin>
			<ymin>142</ymin>
			<xmax>88</xmax>
			<ymax>164</ymax>
		</bndbox>
	</object>
	<object>
		<name>w</name>
		<pose>Unspecified</pose>
		<truncated>0</truncated>
		<difficult>0</difficult>
		<bndbox>
			<xmin>115</xmin>
			<ymin>84</ymin>
			<xmax>127</xmax>
			<ymax>98</ymax>
		</bndbox>
	</object>
</annotation>
