<annotation>
	<folder>images</folder>
	<filename>2_062.jpg</filename>
	<path>/home/linrken/workbench/gc/images/2_062.jpg</path>
	<source>
		<database>Unknown</database>
	</source>
	<size>
		<width>224</width>
		<height>224</height>
		<depth>3</depth>
	</size>
	<segmented>0</segmented>
	<object>
		<name>w</name>
		<pose>Unspecified</pose>
		<truncated>0</truncated>
		<difficult>0</difficult>
		<bndbox>
			<xmin>90</xmin>
			<ymin>140</ymin>
			<xmax>107</xmax>
			<ymax>160</ymax>
		</bndbox>
	</object>
	<object>
		<name>w</name>
		<pose>Unspecified</pose>
		<truncated>0</truncated>
		<difficult>0</difficult>
		<bndbox>
			<xmin>137</xmin>
			<ymin>88</ymin>
			<xmax>148</xmax>
			<ymax>102</ymax>
		</bndbox>
	</object>
</annotation>
