<annotation>
	<folder>images</folder>
	<filename>2_063.jpg</filename>
	<path>/home/linrken/workbench/gc/images/2_063.jpg</path>
	<source>
		<database>Unknown</database>
	</source>
	<size>
		<width>224</width>
		<height>224</height>
		<depth>3</depth>
	</size>
	<segmented>0</segmented>
	<object>
		<name>w</name>
		<pose>Unspecified</pose>
		<truncated>0</truncated>
		<difficult>0</difficult>
		<bndbox>
			<xmin>72</xmin>
			<ymin>140</ymin>
			<xmax>91</xmax>
			<ymax>162</ymax>
		</bndbox>
	</object>
	<object>
		<name>w</name>
		<pose>Unspecified</pose>
		<truncated>0</truncated>
		<difficult>0</difficult>
		<bndbox>
			<xmin>118</xmin>
			<ymin>84</ymin>
			<xmax>131</xmax>
			<ymax>99</ymax>
		</bndbox>
	</object>
</annotation>
