<annotation>
	<folder>images</folder>
	<filename>2_060.jpg</filename>
	<path>/home/linrken/workbench/gc/images/2_060.jpg</path>
	<source>
		<database>Unknown</database>
	</source>
	<size>
		<width>224</width>
		<height>224</height>
		<depth>3</depth>
	</size>
	<segmented>0</segmented>
	<object>
		<name>w</name>
		<pose>Unspecified</pose>
		<truncated>0</truncated>
		<difficult>0</difficult>
		<bndbox>
			<xmin>95</xmin>
			<ymin>139</ymin>
			<xmax>112</xmax>
			<ymax>159</ymax>
		</bndbox>
	</object>
	<object>
		<name>w</name>
		<pose>Unspecified</pose>
		<truncated>0</truncated>
		<difficult>0</difficult>
		<bndbox>
			<xmin>145</xmin>
			<ymin>88</ymin>
			<xmax>157</xmax>
			<ymax>102</ymax>
		</bndbox>
	</object>
</annotation>
