<annotation>
	<folder>images</folder>
	<filename>2_079.jpg</filename>
	<path>/home/linrken/workbench/gc/images/2_079.jpg</path>
	<source>
		<database>Unknown</database>
	</source>
	<size>
		<width>224</width>
		<height>224</height>
		<depth>3</depth>
	</size>
	<segmented>0</segmented>
	<object>
		<name>w</name>
		<pose>Unspecified</pose>
		<truncated>0</truncated>
		<difficult>0</difficult>
		<bndbox>
			<xmin>89</xmin>
			<ymin>159</ymin>
			<xmax>110</xmax>
			<ymax>184</ymax>
		</bndbox>
	</object>
	<object>
		<name>w</name>
		<pose>Unspecified</pose>
		<truncated>0</truncated>
		<difficult>0</difficult>
		<bndbox>
			<xmin>167</xmin>
			<ymin>102</ymin>
			<xmax>180</xmax>
			<ymax>117</ymax>
		</bndbox>
	</object>
</annotation>
