<annotation>
	<folder>images</folder>
	<filename>2_070.jpg</filename>
	<path>/home/linrken/workbench/gc/images/2_070.jpg</path>
	<source>
		<database>Unknown</database>
	</source>
	<size>
		<width>224</width>
		<height>224</height>
		<depth>3</depth>
	</size>
	<segmented>0</segmented>
	<object>
		<name>w</name>
		<pose>Unspecified</pose>
		<truncated>0</truncated>
		<difficult>0</difficult>
		<bndbox>
			<xmin>42</xmin>
			<ymin>165</ymin>
			<xmax>63</xmax>
			<ymax>190</ymax>
		</bndbox>
	</object>
	<object>
		<name>w</name>
		<pose>Unspecified</pose>
		<truncated>0</truncated>
		<difficult>0</difficult>
		<bndbox>
			<xmin>88</xmin>
			<ymin>93</ymin>
			<xmax>100</xmax>
			<ymax>108</ymax>
		</bndbox>
	</object>
</annotation>
