<annotation>
	<folder>images</folder>
	<filename>2_073.jpg</filename>
	<path>E:\Datasets\new_pp\gc\images\2_073.jpg</path>
	<source>
		<database>Unknown</database>
	</source>
	<size>
		<width>224</width>
		<height>224</height>
		<depth>3</depth>
	</size>
	<segmented>0</segmented>
	<object>
		<name>w</name>
		<pose>Unspecified</pose>
		<truncated>0</truncated>
		<difficult>0</difficult>
		<bndbox>
			<xmin>77</xmin>
			<ymin>152</ymin>
			<xmax>95</xmax>
			<ymax>176</ymax>
		</bndbox>
	</object>
	<object>
		<name>w</name>
		<pose>Unspecified</pose>
		<truncated>0</truncated>
		<difficult>0</difficult>
		<bndbox>
			<xmin>126</xmin>
			<ymin>92</ymin>
			<xmax>138</xmax>
			<ymax>105</ymax>
		</bndbox>
	</object>
</annotation>
