<annotation>
	<folder>images</folder>
	<filename>2_077.jpg</filename>
	<path>/home/linrken/workbench/gc/images/2_077.jpg</path>
	<source>
		<database>Unknown</database>
	</source>
	<size>
		<width>224</width>
		<height>224</height>
		<depth>3</depth>
	</size>
	<segmented>0</segmented>
	<object>
		<name>w</name>
		<pose>Unspecified</pose>
		<truncated>0</truncated>
		<difficult>0</difficult>
		<bndbox>
			<xmin>71</xmin>
			<ymin>161</ymin>
			<xmax>92</xmax>
			<ymax>185</ymax>
		</bndbox>
	</object>
	<object>
		<name>w</name>
		<pose>Unspecified</pose>
		<truncated>0</truncated>
		<difficult>0</difficult>
		<bndbox>
			<xmin>141</xmin>
			<ymin>97</ymin>
			<xmax>153</xmax>
			<ymax>111</ymax>
		</bndbox>
	</object>
</annotation>
