<annotation>
	<folder>images</folder>
	<filename>2_076.jpg</filename>
	<path>/home/linrken/workbench/gc/images/2_076.jpg</path>
	<source>
		<database>Unknown</database>
	</source>
	<size>
		<width>224</width>
		<height>224</height>
		<depth>3</depth>
	</size>
	<segmented>0</segmented>
	<object>
		<name>w</name>
		<pose>Unspecified</pose>
		<truncated>0</truncated>
		<difficult>0</difficult>
		<bndbox>
			<xmin>64</xmin>
			<ymin>159</ymin>
			<xmax>85</xmax>
			<ymax>182</ymax>
		</bndbox>
	</object>
	<object>
		<name>w</name>
		<pose>Unspecified</pose>
		<truncated>0</truncated>
		<difficult>0</difficult>
		<bndbox>
			<xmin>128</xmin>
			<ymin>94</ymin>
			<xmax>141</xmax>
			<ymax>109</ymax>
		</bndbox>
	</object>
</annotation>
