<annotation>
	<folder>images</folder>
	<filename>2_078.jpg</filename>
	<path>/home/linrken/workbench/gc/images/2_078.jpg</path>
	<source>
		<database>Unknown</database>
	</source>
	<size>
		<width>224</width>
		<height>224</height>
		<depth>3</depth>
	</size>
	<segmented>0</segmented>
	<object>
		<name>w</name>
		<pose>Unspecified</pose>
		<truncated>0</truncated>
		<difficult>0</difficult>
		<bndbox>
			<xmin>88</xmin>
			<ymin>157</ymin>
			<xmax>106</xmax>
			<ymax>180</ymax>
		</bndbox>
	</object>
	<object>
		<name>w</name>
		<pose>Unspecified</pose>
		<truncated>0</truncated>
		<difficult>0</difficult>
		<bndbox>
			<xmin>163</xmin>
			<ymin>98</ymin>
			<xmax>175</xmax>
			<ymax>113</ymax>
		</bndbox>
	</object>
</annotation>
