<annotation>
	<folder>images</folder>
	<filename>2_083.jpg</filename>
	<path>/home/linrken/workbench/gc/images/2_083.jpg</path>
	<source>
		<database>Unknown</database>
	</source>
	<size>
		<width>224</width>
		<height>224</height>
		<depth>3</depth>
	</size>
	<segmented>0</segmented>
	<object>
		<name>w</name>
		<pose>Unspecified</pose>
		<truncated>0</truncated>
		<difficult>0</difficult>
		<bndbox>
			<xmin>103</xmin>
			<ymin>151</ymin>
			<xmax>122</xmax>
			<ymax>177</ymax>
		</bndbox>
	</object>
	<object>
		<name>w</name>
		<pose>Unspecified</pose>
		<truncated>0</truncated>
		<difficult>0</difficult>
		<bndbox>
			<xmin>196</xmin>
			<ymin>104</ymin>
			<xmax>210</xmax>
			<ymax>120</ymax>
		</bndbox>
	</object>
</annotation>
