<annotation>
	<folder>images</folder>
	<filename>2_084.jpg</filename>
	<path>/home/linrken/workbench/gc/images/2_084.jpg</path>
	<source>
		<database>Unknown</database>
	</source>
	<size>
		<width>224</width>
		<height>224</height>
		<depth>3</depth>
	</size>
	<segmented>0</segmented>
	<object>
		<name>w</name>
		<pose>Unspecified</pose>
		<truncated>0</truncated>
		<difficult>0</difficult>
		<bndbox>
			<xmin>110</xmin>
			<ymin>150</ymin>
			<xmax>125</xmax>
			<ymax>172</ymax>
		</bndbox>
	</object>
	<object>
		<name>w</name>
		<pose>Unspecified</pose>
		<truncated>0</truncated>
		<difficult>0</difficult>
		<bndbox>
			<xmin>207</xmin>
			<ymin>105</ymin>
			<xmax>220</xmax>
			<ymax>122</ymax>
		</bndbox>
	</object>
</annotation>
