<annotation>
	<folder>images</folder>
	<filename>2_113.jpg</filename>
	<path>/home/linrken/workbench/gc/images/2_113.jpg</path>
	<source>
		<database>Unknown</database>
	</source>
	<size>
		<width>224</width>
		<height>224</height>
		<depth>3</depth>
	</size>
	<segmented>0</segmented>
	<object>
		<name>w</name>
		<pose>Unspecified</pose>
		<truncated>0</truncated>
		<difficult>0</difficult>
		<bndbox>
			<xmin>97</xmin>
			<ymin>112</ymin>
			<xmax>112</xmax>
			<ymax>130</ymax>
		</bndbox>
	</object>
	<object>
		<name>w</name>
		<pose>Unspecified</pose>
		<truncated>0</truncated>
		<difficult>0</difficult>
		<bndbox>
			<xmin>195</xmin>
			<ymin>85</ymin>
			<xmax>208</xmax>
			<ymax>101</ymax>
		</bndbox>
	</object>
</annotation>
