<annotation>
	<folder>images</folder>
	<filename>2_114.jpg</filename>
	<path>/home/linrken/workbench/gc/images/2_114.jpg</path>
	<source>
		<database>Unknown</database>
	</source>
	<size>
		<width>224</width>
		<height>224</height>
		<depth>3</depth>
	</size>
	<segmented>0</segmented>
	<object>
		<name>w</name>
		<pose>Unspecified</pose>
		<truncated>0</truncated>
		<difficult>0</difficult>
		<bndbox>
			<xmin>87</xmin>
			<ymin>113</ymin>
			<xmax>104</xmax>
			<ymax>134</ymax>
		</bndbox>
	</object>
	<object>
		<name>w</name>
		<pose>Unspecified</pose>
		<truncated>0</truncated>
		<difficult>0</difficult>
		<bndbox>
			<xmin>185</xmin>
			<ymin>87</ymin>
			<xmax>198</xmax>
			<ymax>102</ymax>
		</bndbox>
	</object>
</annotation>
