<annotation>
	<folder>images</folder>
	<filename>2_115.jpg</filename>
	<path>/home/linrken/workbench/gc/images/2_115.jpg</path>
	<source>
		<database>Unknown</database>
	</source>
	<size>
		<width>224</width>
		<height>224</height>
		<depth>3</depth>
	</size>
	<segmented>0</segmented>
	<object>
		<name>w</name>
		<pose>Unspecified</pose>
		<truncated>0</truncated>
		<difficult>0</difficult>
		<bndbox>
			<xmin>84</xmin>
			<ymin>116</ymin>
			<xmax>100</xmax>
			<ymax>137</ymax>
		</bndbox>
	</object>
	<object>
		<name>w</name>
		<pose>Unspecified</pose>
		<truncated>0</truncated>
		<difficult>0</difficult>
		<bndbox>
			<xmin>180</xmin>
			<ymin>88</ymin>
			<xmax>193</xmax>
			<ymax>103</ymax>
		</bndbox>
	</object>
</annotation>
