<annotation>
	<folder>images</folder>
	<filename>2_116.jpg</filename>
	<path>/home/linrken/workbench/gc/images/2_116.jpg</path>
	<source>
		<database>Unknown</database>
	</source>
	<size>
		<width>224</width>
		<height>224</height>
		<depth>3</depth>
	</size>
	<segmented>0</segmented>
	<object>
		<name>w</name>
		<pose>Unspecified</pose>
		<truncated>0</truncated>
		<difficult>0</difficult>
		<bndbox>
			<xmin>80</xmin>
			<ymin>117</ymin>
			<xmax>95</xmax>
			<ymax>135</ymax>
		</bndbox>
	</object>
	<object>
		<name>w</name>
		<pose>Unspecified</pose>
		<truncated>0</truncated>
		<difficult>0</difficult>
		<bndbox>
			<xmin>179</xmin>
			<ymin>88</ymin>
			<xmax>192</xmax>
			<ymax>103</ymax>
		</bndbox>
	</object>
</annotation>
