<annotation>
	<folder>images</folder>
	<filename>2_120.jpg</filename>
	<path>/home/linrken/workbench/gc/images/2_120.jpg</path>
	<source>
		<database>Unknown</database>
	</source>
	<size>
		<width>224</width>
		<height>224</height>
		<depth>3</depth>
	</size>
	<segmented>0</segmented>
	<object>
		<name>w</name>
		<pose>Unspecified</pose>
		<truncated>0</truncated>
		<difficult>0</difficult>
		<bndbox>
			<xmin>64</xmin>
			<ymin>126</ymin>
			<xmax>79</xmax>
			<ymax>146</ymax>
		</bndbox>
	</object>
	<object>
		<name>w</name>
		<pose>Unspecified</pose>
		<truncated>0</truncated>
		<difficult>0</difficult>
		<bndbox>
			<xmin>164</xmin>
			<ymin>94</ymin>
			<xmax>177</xmax>
			<ymax>110</ymax>
		</bndbox>
	</object>
</annotation>
