<annotation>
	<folder>images</folder>
	<filename>2_123.jpg</filename>
	<path>/home/linrken/workbench/gc/images/2_123.jpg</path>
	<source>
		<database>Unknown</database>
	</source>
	<size>
		<width>224</width>
		<height>224</height>
		<depth>3</depth>
	</size>
	<segmented>0</segmented>
	<object>
		<name>w</name>
		<pose>Unspecified</pose>
		<truncated>0</truncated>
		<difficult>0</difficult>
		<bndbox>
			<xmin>36</xmin>
			<ymin>137</ymin>
			<xmax>55</xmax>
			<ymax>159</ymax>
		</bndbox>
	</object>
	<object>
		<name>w</name>
		<pose>Unspecified</pose>
		<truncated>0</truncated>
		<difficult>0</difficult>
		<bndbox>
			<xmin>146</xmin>
			<ymin>96</ymin>
			<xmax>159</xmax>
			<ymax>113</ymax>
		</bndbox>
	</object>
</annotation>
