<annotation>
	<folder>images</folder>
	<filename>2_138.jpg</filename>
	<path>/home/linrken/workbench/gc/images/2_138.jpg</path>
	<source>
		<database>Unknown</database>
	</source>
	<size>
		<width>224</width>
		<height>224</height>
		<depth>3</depth>
	</size>
	<segmented>0</segmented>
	<object>
		<name>w</name>
		<pose>Unspecified</pose>
		<truncated>1</truncated>
		<difficult>0</difficult>
		<bndbox>
			<xmin>1</xmin>
			<ymin>143</ymin>
			<xmax>19</xmax>
			<ymax>166</ymax>
		</bndbox>
	</object>
	<object>
		<name>w</name>
		<pose>Unspecified</pose>
		<truncated>0</truncated>
		<difficult>0</difficult>
		<bndbox>
			<xmin>110</xmin>
			<ymin>94</ymin>
			<xmax>122</xmax>
			<ymax>108</ymax>
		</bndbox>
	</object>
</annotation>
