<annotation>
	<folder>images</folder>
	<filename>2_132.jpg</filename>
	<path>/home/linrken/workbench/gc/images/2_132.jpg</path>
	<source>
		<database>Unknown</database>
	</source>
	<size>
		<width>224</width>
		<height>224</height>
		<depth>3</depth>
	</size>
	<segmented>0</segmented>
	<object>
		<name>w</name>
		<pose>Unspecified</pose>
		<truncated>0</truncated>
		<difficult>0</difficult>
		<bndbox>
			<xmin>40</xmin>
			<ymin>134</ymin>
			<xmax>57</xmax>
			<ymax>155</ymax>
		</bndbox>
	</object>
	<object>
		<name>w</name>
		<pose>Unspecified</pose>
		<truncated>0</truncated>
		<difficult>0</difficult>
		<bndbox>
			<xmin>145</xmin>
			<ymin>95</ymin>
			<xmax>159</xmax>
			<ymax>111</ymax>
		</bndbox>
	</object>
</annotation>
