<annotation>
	<folder>images</folder>
	<filename>2_141.jpg</filename>
	<path>/home/linrken/workbench/gc/images/2_141.jpg</path>
	<source>
		<database>Unknown</database>
	</source>
	<size>
		<width>224</width>
		<height>224</height>
		<depth>3</depth>
	</size>
	<segmented>0</segmented>
	<object>
		<name>w</name>
		<pose>Unspecified</pose>
		<truncated>0</truncated>
		<difficult>0</difficult>
		<bndbox>
			<xmin>43</xmin>
			<ymin>132</ymin>
			<xmax>59</xmax>
			<ymax>152</ymax>
		</bndbox>
	</object>
	<object>
		<name>w</name>
		<pose>Unspecified</pose>
		<truncated>0</truncated>
		<difficult>0</difficult>
		<bndbox>
			<xmin>145</xmin>
			<ymin>94</ymin>
			<xmax>158</xmax>
			<ymax>107</ymax>
		</bndbox>
	</object>
</annotation>
