<annotation>
	<folder>images</folder>
	<filename>2_147.jpg</filename>
	<path>/home/linrken/workbench/gc/images/2_147.jpg</path>
	<source>
		<database>Unknown</database>
	</source>
	<size>
		<width>224</width>
		<height>224</height>
		<depth>3</depth>
	</size>
	<segmented>0</segmented>
	<object>
		<name>w</name>
		<pose>Unspecified</pose>
		<truncated>0</truncated>
		<difficult>0</difficult>
		<bndbox>
			<xmin>107</xmin>
			<ymin>118</ymin>
			<xmax>123</xmax>
			<ymax>136</ymax>
		</bndbox>
	</object>
	<object>
		<name>w</name>
		<pose>Unspecified</pose>
		<truncated>0</truncated>
		<difficult>0</difficult>
		<bndbox>
			<xmin>210</xmin>
			<ymin>94</ymin>
			<xmax>222</xmax>
			<ymax>109</ymax>
		</bndbox>
	</object>
</annotation>
