<annotation>
	<folder>images</folder>
	<filename>2_146.jpg</filename>
	<path>/home/linrken/workbench/gc/images/2_146.jpg</path>
	<source>
		<database>Unknown</database>
	</source>
	<size>
		<width>224</width>
		<height>224</height>
		<depth>3</depth>
	</size>
	<segmented>0</segmented>
	<object>
		<name>w</name>
		<pose>Unspecified</pose>
		<truncated>0</truncated>
		<difficult>0</difficult>
		<bndbox>
			<xmin>101</xmin>
			<ymin>119</ymin>
			<xmax>116</xmax>
			<ymax>136</ymax>
		</bndbox>
	</object>
	<object>
		<name>w</name>
		<pose>Unspecified</pose>
		<truncated>0</truncated>
		<difficult>0</difficult>
		<bndbox>
			<xmin>203</xmin>
			<ymin>95</ymin>
			<xmax>216</xmax>
			<ymax>109</ymax>
		</bndbox>
	</object>
</annotation>
