<annotation>
	<folder>images</folder>
	<filename>2_142.jpg</filename>
	<path>/home/linrken/workbench/gc/images/2_142.jpg</path>
	<source>
		<database>Unknown</database>
	</source>
	<size>
		<width>224</width>
		<height>224</height>
		<depth>3</depth>
	</size>
	<segmented>0</segmented>
	<object>
		<name>w</name>
		<pose>Unspecified</pose>
		<truncated>0</truncated>
		<difficult>0</difficult>
		<bndbox>
			<xmin>57</xmin>
			<ymin>129</ymin>
			<xmax>74</xmax>
			<ymax>147</ymax>
		</bndbox>
	</object>
	<object>
		<name>w</name>
		<pose>Unspecified</pose>
		<truncated>0</truncated>
		<difficult>0</difficult>
		<bndbox>
			<xmin>158</xmin>
			<ymin>95</ymin>
			<xmax>169</xmax>
			<ymax>107</ymax>
		</bndbox>
	</object>
</annotation>
