<annotation>
	<folder>images</folder>
	<filename>2_140.jpg</filename>
	<path>/home/linrken/workbench/gc/images/2_140.jpg</path>
	<source>
		<database>Unknown</database>
	</source>
	<size>
		<width>224</width>
		<height>224</height>
		<depth>3</depth>
	</size>
	<segmented>0</segmented>
	<object>
		<name>w</name>
		<pose>Unspecified</pose>
		<truncated>0</truncated>
		<difficult>0</difficult>
		<bndbox>
			<xmin>31</xmin>
			<ymin>136</ymin>
			<xmax>46</xmax>
			<ymax>155</ymax>
		</bndbox>
	</object>
	<object>
		<name>w</name>
		<pose>Unspecified</pose>
		<truncated>0</truncated>
		<difficult>0</difficult>
		<bndbox>
			<xmin>136</xmin>
			<ymin>95</ymin>
			<xmax>147</xmax>
			<ymax>107</ymax>
		</bndbox>
	</object>
</annotation>
