<annotation>
	<folder>images</folder>
	<filename>2_163.jpg</filename>
	<path>/home/linrken/workbench/gc/images/2_163.jpg</path>
	<source>
		<database>Unknown</database>
	</source>
	<size>
		<width>224</width>
		<height>224</height>
		<depth>3</depth>
	</size>
	<segmented>0</segmented>
	<object>
		<name>w</name>
		<pose>Unspecified</pose>
		<truncated>0</truncated>
		<difficult>0</difficult>
		<bndbox>
			<xmin>81</xmin>
			<ymin>120</ymin>
			<xmax>97</xmax>
			<ymax>139</ymax>
		</bndbox>
	</object>
	<object>
		<name>w</name>
		<pose>Unspecified</pose>
		<truncated>0</truncated>
		<difficult>0</difficult>
		<bndbox>
			<xmin>182</xmin>
			<ymin>91</ymin>
			<xmax>195</xmax>
			<ymax>106</ymax>
		</bndbox>
	</object>
</annotation>
