<annotation>
	<folder>images</folder>
	<filename>3_009.jpg</filename>
	<path>/home/linrken/workbench/gc/images/3_009.jpg</path>
	<source>
		<database>Unknown</database>
	</source>
	<size>
		<width>224</width>
		<height>224</height>
		<depth>3</depth>
	</size>
	<segmented>0</segmented>
	<object>
		<name>w</name>
		<pose>Unspecified</pose>
		<truncated>0</truncated>
		<difficult>0</difficult>
		<bndbox>
			<xmin>154</xmin>
			<ymin>101</ymin>
			<xmax>162</xmax>
			<ymax>112</ymax>
		</bndbox>
	</object>
	<object>
		<name>w</name>
		<pose>Unspecified</pose>
		<truncated>0</truncated>
		<difficult>0</difficult>
		<bndbox>
			<xmin>136</xmin>
			<ymin>123</ymin>
			<xmax>147</xmax>
			<ymax>139</ymax>
		</bndbox>
	</object>
	<object>
		<name>w</name>
		<pose>Unspecified</pose>
		<truncated>0</truncated>
		<difficult>0</difficult>
		<bndbox>
			<xmin>169</xmin>
			<ymin>148</ymin>
			<xmax>185</xmax>
			<ymax>169</ymax>
		</bndbox>
	</object>
</annotation>
