<annotation>
	<folder>images</folder>
	<filename>3_006.jpg</filename>
	<path>/home/linrken/workbench/gc/images/3_006.jpg</path>
	<source>
		<database>Unknown</database>
	</source>
	<size>
		<width>224</width>
		<height>224</height>
		<depth>3</depth>
	</size>
	<segmented>0</segmented>
	<object>
		<name>w</name>
		<pose>Unspecified</pose>
		<truncated>0</truncated>
		<difficult>0</difficult>
		<bndbox>
			<xmin>153</xmin>
			<ymin>105</ymin>
			<xmax>163</xmax>
			<ymax>117</ymax>
		</bndbox>
	</object>
	<object>
		<name>w</name>
		<pose>Unspecified</pose>
		<truncated>0</truncated>
		<difficult>0</difficult>
		<bndbox>
			<xmin>130</xmin>
			<ymin>125</ymin>
			<xmax>144</xmax>
			<ymax>142</ymax>
		</bndbox>
	</object>
	<object>
		<name>w</name>
		<pose>Unspecified</pose>
		<truncated>0</truncated>
		<difficult>0</difficult>
		<bndbox>
			<xmin>168</xmin>
			<ymin>151</ymin>
			<xmax>185</xmax>
			<ymax>171</ymax>
		</bndbox>
	</object>
</annotation>
