<annotation>
	<folder>images</folder>
	<filename>3_019.jpg</filename>
	<path>/home/linrken/workbench/gc/images/3_019.jpg</path>
	<source>
		<database>Unknown</database>
	</source>
	<size>
		<width>224</width>
		<height>224</height>
		<depth>3</depth>
	</size>
	<segmented>0</segmented>
	<object>
		<name>w</name>
		<pose>Unspecified</pose>
		<truncated>0</truncated>
		<difficult>0</difficult>
		<bndbox>
			<xmin>168</xmin>
			<ymin>107</ymin>
			<xmax>177</xmax>
			<ymax>118</ymax>
		</bndbox>
	</object>
	<object>
		<name>w</name>
		<pose>Unspecified</pose>
		<truncated>0</truncated>
		<difficult>0</difficult>
		<bndbox>
			<xmin>144</xmin>
			<ymin>136</ymin>
			<xmax>156</xmax>
			<ymax>153</ymax>
		</bndbox>
	</object>
	<object>
		<name>w</name>
		<pose>Unspecified</pose>
		<truncated>0</truncated>
		<difficult>0</difficult>
		<bndbox>
			<xmin>173</xmin>
			<ymin>160</ymin>
			<xmax>189</xmax>
			<ymax>180</ymax>
		</bndbox>
	</object>
</annotation>
