<annotation>
	<folder>images</folder>
	<filename>3_016.jpg</filename>
	<path>/home/linrken/workbench/gc/images/3_016.jpg</path>
	<source>
		<database>Unknown</database>
	</source>
	<size>
		<width>224</width>
		<height>224</height>
		<depth>3</depth>
	</size>
	<segmented>0</segmented>
	<object>
		<name>w</name>
		<pose>Unspecified</pose>
		<truncated>0</truncated>
		<difficult>0</difficult>
		<bndbox>
			<xmin>144</xmin>
			<ymin>107</ymin>
			<xmax>152</xmax>
			<ymax>119</ymax>
		</bndbox>
	</object>
	<object>
		<name>w</name>
		<pose>Unspecified</pose>
		<truncated>0</truncated>
		<difficult>0</difficult>
		<bndbox>
			<xmin>124</xmin>
			<ymin>136</ymin>
			<xmax>137</xmax>
			<ymax>152</ymax>
		</bndbox>
	</object>
	<object>
		<name>w</name>
		<pose>Unspecified</pose>
		<truncated>0</truncated>
		<difficult>0</difficult>
		<bndbox>
			<xmin>153</xmin>
			<ymin>158</ymin>
			<xmax>169</xmax>
			<ymax>178</ymax>
		</bndbox>
	</object>
</annotation>
