<annotation>
	<folder>images</folder>
	<filename>3_014.jpg</filename>
	<path>/home/linrken/workbench/gc/images/3_014.jpg</path>
	<source>
		<database>Unknown</database>
	</source>
	<size>
		<width>224</width>
		<height>224</height>
		<depth>3</depth>
	</size>
	<segmented>0</segmented>
	<object>
		<name>w</name>
		<pose>Unspecified</pose>
		<truncated>0</truncated>
		<difficult>0</difficult>
		<bndbox>
			<xmin>137</xmin>
			<ymin>105</ymin>
			<xmax>147</xmax>
			<ymax>117</ymax>
		</bndbox>
	</object>
	<object>
		<name>w</name>
		<pose>Unspecified</pose>
		<truncated>0</truncated>
		<difficult>0</difficult>
		<bndbox>
			<xmin>117</xmin>
			<ymin>133</ymin>
			<xmax>132</xmax>
			<ymax>150</ymax>
		</bndbox>
	</object>
	<object>
		<name>w</name>
		<pose>Unspecified</pose>
		<truncated>0</truncated>
		<difficult>0</difficult>
		<bndbox>
			<xmin>148</xmin>
			<ymin>157</ymin>
			<xmax>164</xmax>
			<ymax>177</ymax>
		</bndbox>
	</object>
</annotation>
