<annotation>
	<folder>images</folder>
	<filename>3_027.jpg</filename>
	<path>/home/linrken/workbench/gc/images/3_027.jpg</path>
	<source>
		<database>Unknown</database>
	</source>
	<size>
		<width>224</width>
		<height>224</height>
		<depth>3</depth>
	</size>
	<segmented>0</segmented>
	<object>
		<name>w</name>
		<pose>Unspecified</pose>
		<truncated>0</truncated>
		<difficult>0</difficult>
		<bndbox>
			<xmin>165</xmin>
			<ymin>109</ymin>
			<xmax>177</xmax>
			<ymax>122</ymax>
		</bndbox>
	</object>
	<object>
		<name>w</name>
		<pose>Unspecified</pose>
		<truncated>0</truncated>
		<difficult>0</difficult>
		<bndbox>
			<xmin>131</xmin>
			<ymin>144</ymin>
			<xmax>145</xmax>
			<ymax>162</ymax>
		</bndbox>
	</object>
	<object>
		<name>w</name>
		<pose>Unspecified</pose>
		<truncated>0</truncated>
		<difficult>0</difficult>
		<bndbox>
			<xmin>158</xmin>
			<ymin>163</ymin>
			<xmax>176</xmax>
			<ymax>185</ymax>
		</bndbox>
	</object>
</annotation>
