<annotation>
	<folder>images</folder>
	<filename>3_026.jpg</filename>
	<path>/home/linrken/workbench/gc/images/3_026.jpg</path>
	<source>
		<database>Unknown</database>
	</source>
	<size>
		<width>224</width>
		<height>224</height>
		<depth>3</depth>
	</size>
	<segmented>0</segmented>
	<object>
		<name>w</name>
		<pose>Unspecified</pose>
		<truncated>0</truncated>
		<difficult>0</difficult>
		<bndbox>
			<xmin>181</xmin>
			<ymin>110</ymin>
			<xmax>191</xmax>
			<ymax>121</ymax>
		</bndbox>
	</object>
	<object>
		<name>w</name>
		<pose>Unspecified</pose>
		<truncated>0</truncated>
		<difficult>0</difficult>
		<bndbox>
			<xmin>145</xmin>
			<ymin>144</ymin>
			<xmax>160</xmax>
			<ymax>161</ymax>
		</bndbox>
	</object>
	<object>
		<name>w</name>
		<pose>Unspecified</pose>
		<truncated>0</truncated>
		<difficult>0</difficult>
		<bndbox>
			<xmin>174</xmin>
			<ymin>162</ymin>
			<xmax>189</xmax>
			<ymax>184</ymax>
		</bndbox>
	</object>
</annotation>
