<annotation>
	<folder>images</folder>
	<filename>3_025.jpg</filename>
	<path>/home/linrken/workbench/gc/images/3_025.jpg</path>
	<source>
		<database>Unknown</database>
	</source>
	<size>
		<width>224</width>
		<height>224</height>
		<depth>3</depth>
	</size>
	<segmented>0</segmented>
	<object>
		<name>w</name>
		<pose>Unspecified</pose>
		<truncated>0</truncated>
		<difficult>0</difficult>
		<bndbox>
			<xmin>209</xmin>
			<ymin>113</ymin>
			<xmax>221</xmax>
			<ymax>126</ymax>
		</bndbox>
	</object>
	<object>
		<name>w</name>
		<pose>Unspecified</pose>
		<truncated>0</truncated>
		<difficult>0</difficult>
		<bndbox>
			<xmin>172</xmin>
			<ymin>144</ymin>
			<xmax>187</xmax>
			<ymax>160</ymax>
		</bndbox>
	</object>
	<object>
		<name>w</name>
		<pose>Unspecified</pose>
		<truncated>0</truncated>
		<difficult>0</difficult>
		<bndbox>
			<xmin>198</xmin>
			<ymin>166</ymin>
			<xmax>217</xmax>
			<ymax>187</ymax>
		</bndbox>
	</object>
</annotation>
