<annotation>
	<folder>images</folder>
	<filename>3_028.jpg</filename>
	<path>/home/linrken/workbench/gc/images/3_028.jpg</path>
	<source>
		<database>Unknown</database>
	</source>
	<size>
		<width>224</width>
		<height>224</height>
		<depth>3</depth>
	</size>
	<segmented>0</segmented>
	<object>
		<name>w</name>
		<pose>Unspecified</pose>
		<truncated>0</truncated>
		<difficult>0</difficult>
		<bndbox>
			<xmin>136</xmin>
			<ymin>109</ymin>
			<xmax>145</xmax>
			<ymax>120</ymax>
		</bndbox>
	</object>
	<object>
		<name>w</name>
		<pose>Unspecified</pose>
		<truncated>0</truncated>
		<difficult>0</difficult>
		<bndbox>
			<xmin>104</xmin>
			<ymin>148</ymin>
			<xmax>118</xmax>
			<ymax>165</ymax>
		</bndbox>
	</object>
	<object>
		<name>w</name>
		<pose>Unspecified</pose>
		<truncated>0</truncated>
		<difficult>0</difficult>
		<bndbox>
			<xmin>133</xmin>
			<ymin>164</ymin>
			<xmax>153</xmax>
			<ymax>186</ymax>
		</bndbox>
	</object>
</annotation>
