<annotation>
	<folder>images</folder>
	<filename>3_021.jpg</filename>
	<path>/home/linrken/workbench/gc/images/3_021.jpg</path>
	<source>
		<database>Unknown</database>
	</source>
	<size>
		<width>224</width>
		<height>224</height>
		<depth>3</depth>
	</size>
	<segmented>0</segmented>
	<object>
		<name>w</name>
		<pose>Unspecified</pose>
		<truncated>0</truncated>
		<difficult>0</difficult>
		<bndbox>
			<xmin>206</xmin>
			<ymin>111</ymin>
			<xmax>217</xmax>
			<ymax>123</ymax>
		</bndbox>
	</object>
	<object>
		<name>w</name>
		<pose>Unspecified</pose>
		<truncated>0</truncated>
		<difficult>0</difficult>
		<bndbox>
			<xmin>174</xmin>
			<ymin>140</ymin>
			<xmax>187</xmax>
			<ymax>158</ymax>
		</bndbox>
	</object>
	<object>
		<name>w</name>
		<pose>Unspecified</pose>
		<truncated>0</truncated>
		<difficult>0</difficult>
		<bndbox>
			<xmin>198</xmin>
			<ymin>163</ymin>
			<xmax>216</xmax>
			<ymax>186</ymax>
		</bndbox>
	</object>
</annotation>
