<annotation>
	<folder>images</folder>
	<filename>3_030.jpg</filename>
	<path>/home/linrken/workbench/gc/images/3_030.jpg</path>
	<source>
		<database>Unknown</database>
	</source>
	<size>
		<width>224</width>
		<height>224</height>
		<depth>3</depth>
	</size>
	<segmented>0</segmented>
	<object>
		<name>w</name>
		<pose>Unspecified</pose>
		<truncated>0</truncated>
		<difficult>0</difficult>
		<bndbox>
			<xmin>93</xmin>
			<ymin>110</ymin>
			<xmax>102</xmax>
			<ymax>121</ymax>
		</bndbox>
	</object>
	<object>
		<name>w</name>
		<pose>Unspecified</pose>
		<truncated>0</truncated>
		<difficult>0</difficult>
		<bndbox>
			<xmin>61</xmin>
			<ymin>154</ymin>
			<xmax>77</xmax>
			<ymax>173</ymax>
		</bndbox>
	</object>
	<object>
		<name>w</name>
		<pose>Unspecified</pose>
		<truncated>0</truncated>
		<difficult>0</difficult>
		<bndbox>
			<xmin>94</xmin>
			<ymin>167</ymin>
			<xmax>112</xmax>
			<ymax>189</ymax>
		</bndbox>
	</object>
</annotation>
