<annotation>
	<folder>images</folder>
	<filename>3_038.jpg</filename>
	<path>/home/linrken/workbench/gc/images/3_038.jpg</path>
	<source>
		<database>Unknown</database>
	</source>
	<size>
		<width>224</width>
		<height>224</height>
		<depth>3</depth>
	</size>
	<segmented>0</segmented>
	<object>
		<name>w</name>
		<pose>Unspecified</pose>
		<truncated>0</truncated>
		<difficult>0</difficult>
		<bndbox>
			<xmin>52</xmin>
			<ymin>115</ymin>
			<xmax>65</xmax>
			<ymax>129</ymax>
		</bndbox>
	</object>
	<object>
		<name>w</name>
		<pose>Unspecified</pose>
		<truncated>0</truncated>
		<difficult>0</difficult>
		<bndbox>
			<xmin>30</xmin>
			<ymin>162</ymin>
			<xmax>45</xmax>
			<ymax>182</ymax>
		</bndbox>
	</object>
	<object>
		<name>w</name>
		<pose>Unspecified</pose>
		<truncated>0</truncated>
		<difficult>0</difficult>
		<bndbox>
			<xmin>68</xmin>
			<ymin>169</ymin>
			<xmax>85</xmax>
			<ymax>191</ymax>
		</bndbox>
	</object>
</annotation>
