<annotation>
	<folder>images</folder>
	<filename>3_037.jpg</filename>
	<path>/home/linrken/workbench/gc/images/3_037.jpg</path>
	<source>
		<database>Unknown</database>
	</source>
	<size>
		<width>224</width>
		<height>224</height>
		<depth>3</depth>
	</size>
	<segmented>0</segmented>
	<object>
		<name>w</name>
		<pose>Unspecified</pose>
		<truncated>0</truncated>
		<difficult>0</difficult>
		<bndbox>
			<xmin>60</xmin>
			<ymin>111</ymin>
			<xmax>71</xmax>
			<ymax>123</ymax>
		</bndbox>
	</object>
	<object>
		<name>w</name>
		<pose>Unspecified</pose>
		<truncated>0</truncated>
		<difficult>0</difficult>
		<bndbox>
			<xmin>36</xmin>
			<ymin>156</ymin>
			<xmax>53</xmax>
			<ymax>178</ymax>
		</bndbox>
	</object>
	<object>
		<name>w</name>
		<pose>Unspecified</pose>
		<truncated>0</truncated>
		<difficult>0</difficult>
		<bndbox>
			<xmin>73</xmin>
			<ymin>165</ymin>
			<xmax>91</xmax>
			<ymax>186</ymax>
		</bndbox>
	</object>
</annotation>
