<annotation>
	<folder>images</folder>
	<filename>3_039.jpg</filename>
	<path>/home/linrken/workbench/gc/images/3_039.jpg</path>
	<source>
		<database>Unknown</database>
	</source>
	<size>
		<width>224</width>
		<height>224</height>
		<depth>3</depth>
	</size>
	<segmented>0</segmented>
	<object>
		<name>w</name>
		<pose>Unspecified</pose>
		<truncated>0</truncated>
		<difficult>0</difficult>
		<bndbox>
			<xmin>30</xmin>
			<ymin>115</ymin>
			<xmax>41</xmax>
			<ymax>128</ymax>
		</bndbox>
	</object>
	<object>
		<name>w</name>
		<pose>Unspecified</pose>
		<truncated>0</truncated>
		<difficult>0</difficult>
		<bndbox>
			<xmin>12</xmin>
			<ymin>162</ymin>
			<xmax>28</xmax>
			<ymax>183</ymax>
		</bndbox>
	</object>
	<object>
		<name>w</name>
		<pose>Unspecified</pose>
		<truncated>0</truncated>
		<difficult>0</difficult>
		<bndbox>
			<xmin>49</xmin>
			<ymin>166</ymin>
			<xmax>69</xmax>
			<ymax>190</ymax>
		</bndbox>
	</object>
</annotation>
