<annotation>
	<folder>images</folder>
	<filename>3_049.jpg</filename>
	<path>/home/linrken/workbench/gc/images/3_049.jpg</path>
	<source>
		<database>Unknown</database>
	</source>
	<size>
		<width>224</width>
		<height>224</height>
		<depth>3</depth>
	</size>
	<segmented>0</segmented>
	<object>
		<name>w</name>
		<pose>Unspecified</pose>
		<truncated>0</truncated>
		<difficult>0</difficult>
		<bndbox>
			<xmin>48</xmin>
			<ymin>102</ymin>
			<xmax>56</xmax>
			<ymax>112</ymax>
		</bndbox>
	</object>
	<object>
		<name>w</name>
		<pose>Unspecified</pose>
		<truncated>0</truncated>
		<difficult>0</difficult>
		<bndbox>
			<xmin>29</xmin>
			<ymin>138</ymin>
			<xmax>45</xmax>
			<ymax>157</ymax>
		</bndbox>
	</object>
	<object>
		<name>w</name>
		<pose>Unspecified</pose>
		<truncated>0</truncated>
		<difficult>0</difficult>
		<bndbox>
			<xmin>64</xmin>
			<ymin>143</ymin>
			<xmax>80</xmax>
			<ymax>162</ymax>
		</bndbox>
	</object>
</annotation>
