<annotation>
	<folder>images</folder>
	<filename>3_040.jpg</filename>
	<path>/home/linrken/workbench/gc/images/3_040.jpg</path>
	<source>
		<database>Unknown</database>
	</source>
	<size>
		<width>224</width>
		<height>224</height>
		<depth>3</depth>
	</size>
	<segmented>0</segmented>
	<object>
		<name>w</name>
		<pose>Unspecified</pose>
		<truncated>0</truncated>
		<difficult>0</difficult>
		<bndbox>
			<xmin>19</xmin>
			<ymin>116</ymin>
			<xmax>30</xmax>
			<ymax>130</ymax>
		</bndbox>
	</object>
	<object>
		<name>w</name>
		<pose>Unspecified</pose>
		<truncated>0</truncated>
		<difficult>0</difficult>
		<bndbox>
			<xmin>3</xmin>
			<ymin>163</ymin>
			<xmax>19</xmax>
			<ymax>185</ymax>
		</bndbox>
	</object>
	<object>
		<name>w</name>
		<pose>Unspecified</pose>
		<truncated>0</truncated>
		<difficult>0</difficult>
		<bndbox>
			<xmin>41</xmin>
			<ymin>168</ymin>
			<xmax>62</xmax>
			<ymax>190</ymax>
		</bndbox>
	</object>
</annotation>
