<annotation>
	<folder>images</folder>
	<filename>3_048.jpg</filename>
	<path>/home/linrken/workbench/gc/images/3_048.jpg</path>
	<source>
		<database>Unknown</database>
	</source>
	<size>
		<width>224</width>
		<height>224</height>
		<depth>3</depth>
	</size>
	<segmented>0</segmented>
	<object>
		<name>w</name>
		<pose>Unspecified</pose>
		<truncated>0</truncated>
		<difficult>0</difficult>
		<bndbox>
			<xmin>38</xmin>
			<ymin>107</ymin>
			<xmax>47</xmax>
			<ymax>118</ymax>
		</bndbox>
	</object>
	<object>
		<name>w</name>
		<pose>Unspecified</pose>
		<truncated>0</truncated>
		<difficult>0</difficult>
		<bndbox>
			<xmin>20</xmin>
			<ymin>146</ymin>
			<xmax>35</xmax>
			<ymax>164</ymax>
		</bndbox>
	</object>
	<object>
		<name>w</name>
		<pose>Unspecified</pose>
		<truncated>0</truncated>
		<difficult>0</difficult>
		<bndbox>
			<xmin>56</xmin>
			<ymin>150</ymin>
			<xmax>70</xmax>
			<ymax>169</ymax>
		</bndbox>
	</object>
</annotation>
