<annotation>
	<folder>images</folder>
	<filename>3_047.jpg</filename>
	<path>/home/linrken/workbench/gc/images/3_047.jpg</path>
	<source>
		<database>Unknown</database>
	</source>
	<size>
		<width>224</width>
		<height>224</height>
		<depth>3</depth>
	</size>
	<segmented>0</segmented>
	<object>
		<name>w</name>
		<pose>Unspecified</pose>
		<truncated>0</truncated>
		<difficult>0</difficult>
		<bndbox>
			<xmin>35</xmin>
			<ymin>106</ymin>
			<xmax>44</xmax>
			<ymax>119</ymax>
		</bndbox>
	</object>
	<object>
		<name>w</name>
		<pose>Unspecified</pose>
		<truncated>0</truncated>
		<difficult>0</difficult>
		<bndbox>
			<xmin>18</xmin>
			<ymin>145</ymin>
			<xmax>32</xmax>
			<ymax>164</ymax>
		</bndbox>
	</object>
	<object>
		<name>w</name>
		<pose>Unspecified</pose>
		<truncated>0</truncated>
		<difficult>0</difficult>
		<bndbox>
			<xmin>52</xmin>
			<ymin>149</ymin>
			<xmax>69</xmax>
			<ymax>168</ymax>
		</bndbox>
	</object>
</annotation>
