<annotation>
	<folder>images</folder>
	<filename>3_051.jpg</filename>
	<path>/home/linrken/workbench/gc/images/3_051.jpg</path>
	<source>
		<database>Unknown</database>
	</source>
	<size>
		<width>224</width>
		<height>224</height>
		<depth>3</depth>
	</size>
	<segmented>0</segmented>
	<object>
		<name>w</name>
		<pose>Unspecified</pose>
		<truncated>0</truncated>
		<difficult>0</difficult>
		<bndbox>
			<xmin>71</xmin>
			<ymin>100</ymin>
			<xmax>80</xmax>
			<ymax>112</ymax>
		</bndbox>
	</object>
	<object>
		<name>w</name>
		<pose>Unspecified</pose>
		<truncated>0</truncated>
		<difficult>0</difficult>
		<bndbox>
			<xmin>54</xmin>
			<ymin>133</ymin>
			<xmax>67</xmax>
			<ymax>151</ymax>
		</bndbox>
	</object>
	<object>
		<name>w</name>
		<pose>Unspecified</pose>
		<truncated>0</truncated>
		<difficult>0</difficult>
		<bndbox>
			<xmin>85</xmin>
			<ymin>139</ymin>
			<xmax>100</xmax>
			<ymax>155</ymax>
		</bndbox>
	</object>
</annotation>
