<annotation>
	<folder>images</folder>
	<filename>3_056.jpg</filename>
	<path>/home/linrken/workbench/gc/images/3_056.jpg</path>
	<source>
		<database>Unknown</database>
	</source>
	<size>
		<width>224</width>
		<height>224</height>
		<depth>3</depth>
	</size>
	<segmented>0</segmented>
	<object>
		<name>w</name>
		<pose>Unspecified</pose>
		<truncated>0</truncated>
		<difficult>0</difficult>
		<bndbox>
			<xmin>104</xmin>
			<ymin>94</ymin>
			<xmax>111</xmax>
			<ymax>103</ymax>
		</bndbox>
	</object>
	<object>
		<name>w</name>
		<pose>Unspecified</pose>
		<truncated>0</truncated>
		<difficult>0</difficult>
		<bndbox>
			<xmin>89</xmin>
			<ymin>119</ymin>
			<xmax>100</xmax>
			<ymax>134</ymax>
		</bndbox>
	</object>
	<object>
		<name>w</name>
		<pose>Unspecified</pose>
		<truncated>0</truncated>
		<difficult>0</difficult>
		<bndbox>
			<xmin>115</xmin>
			<ymin>125</ymin>
			<xmax>127</xmax>
			<ymax>140</ymax>
		</bndbox>
	</object>
</annotation>
