<annotation>
	<folder>images</folder>
	<filename>3_067.jpg</filename>
	<path>/home/linrken/workbench/gc/images/3_067.jpg</path>
	<source>
		<database>Unknown</database>
	</source>
	<size>
		<width>224</width>
		<height>224</height>
		<depth>3</depth>
	</size>
	<segmented>0</segmented>
	<object>
		<name>w</name>
		<pose>Unspecified</pose>
		<truncated>0</truncated>
		<difficult>0</difficult>
		<bndbox>
			<xmin>94</xmin>
			<ymin>97</ymin>
			<xmax>102</xmax>
			<ymax>107</ymax>
		</bndbox>
	</object>
	<object>
		<name>w</name>
		<pose>Unspecified</pose>
		<truncated>0</truncated>
		<difficult>0</difficult>
		<bndbox>
			<xmin>80</xmin>
			<ymin>123</ymin>
			<xmax>93</xmax>
			<ymax>137</ymax>
		</bndbox>
	</object>
	<object>
		<name>w</name>
		<pose>Unspecified</pose>
		<truncated>0</truncated>
		<difficult>0</difficult>
		<bndbox>
			<xmin>105</xmin>
			<ymin>126</ymin>
			<xmax>119</xmax>
			<ymax>142</ymax>
		</bndbox>
	</object>
</annotation>
