<annotation>
	<folder>images</folder>
	<filename>3_075.jpg</filename>
	<path>/home/linrken/workbench/gc/images/3_075.jpg</path>
	<source>
		<database>Unknown</database>
	</source>
	<size>
		<width>224</width>
		<height>224</height>
		<depth>3</depth>
	</size>
	<segmented>0</segmented>
	<object>
		<name>w</name>
		<pose>Unspecified</pose>
		<truncated>1</truncated>
		<difficult>0</difficult>
		<bndbox>
			<xmin>1</xmin>
			<ymin>101</ymin>
			<xmax>8</xmax>
			<ymax>111</ymax>
		</bndbox>
	</object>
	<object>
		<name>w</name>
		<pose>Unspecified</pose>
		<truncated>0</truncated>
		<difficult>0</difficult>
		<bndbox>
			<xmin>18</xmin>
			<ymin>131</ymin>
			<xmax>34</xmax>
			<ymax>148</ymax>
		</bndbox>
	</object>
</annotation>
