<annotation>
	<folder>images</folder>
	<filename>3_074.jpg</filename>
	<path>/home/linrken/workbench/gc/images/3_074.jpg</path>
	<source>
		<database>Unknown</database>
	</source>
	<size>
		<width>224</width>
		<height>224</height>
		<depth>3</depth>
	</size>
	<segmented>0</segmented>
	<object>
		<name>w</name>
		<pose>Unspecified</pose>
		<truncated>0</truncated>
		<difficult>0</difficult>
		<bndbox>
			<xmin>17</xmin>
			<ymin>95</ymin>
			<xmax>28</xmax>
			<ymax>106</ymax>
		</bndbox>
	</object>
	<object>
		<name>w</name>
		<pose>Unspecified</pose>
		<truncated>0</truncated>
		<difficult>0</difficult>
		<bndbox>
			<xmin>4</xmin>
			<ymin>123</ymin>
			<xmax>20</xmax>
			<ymax>140</ymax>
		</bndbox>
	</object>
	<object>
		<name>w</name>
		<pose>Unspecified</pose>
		<truncated>0</truncated>
		<difficult>0</difficult>
		<bndbox>
			<xmin>37</xmin>
			<ymin>125</ymin>
			<xmax>51</xmax>
			<ymax>142</ymax>
		</bndbox>
	</object>
</annotation>
