<annotation>
	<folder>images</folder>
	<filename>3_070.jpg</filename>
	<path>/home/linrken/workbench/gc/images/3_070.jpg</path>
	<source>
		<database>Unknown</database>
	</source>
	<size>
		<width>224</width>
		<height>224</height>
		<depth>3</depth>
	</size>
	<segmented>0</segmented>
	<object>
		<name>w</name>
		<pose>Unspecified</pose>
		<truncated>0</truncated>
		<difficult>0</difficult>
		<bndbox>
			<xmin>91</xmin>
			<ymin>98</ymin>
			<xmax>100</xmax>
			<ymax>107</ymax>
		</bndbox>
	</object>
	<object>
		<name>w</name>
		<pose>Unspecified</pose>
		<truncated>0</truncated>
		<difficult>0</difficult>
		<bndbox>
			<xmin>81</xmin>
			<ymin>123</ymin>
			<xmax>91</xmax>
			<ymax>135</ymax>
		</bndbox>
	</object>
	<object>
		<name>w</name>
		<pose>Unspecified</pose>
		<truncated>0</truncated>
		<difficult>0</difficult>
		<bndbox>
			<xmin>105</xmin>
			<ymin>126</ymin>
			<xmax>117</xmax>
			<ymax>141</ymax>
		</bndbox>
	</object>
</annotation>
