<annotation>
	<folder>images</folder>
	<filename>3_072.jpg</filename>
	<path>/home/linrken/workbench/gc/images/3_072.jpg</path>
	<source>
		<database>Unknown</database>
	</source>
	<size>
		<width>224</width>
		<height>224</height>
		<depth>3</depth>
	</size>
	<segmented>0</segmented>
	<object>
		<name>w</name>
		<pose>Unspecified</pose>
		<truncated>0</truncated>
		<difficult>0</difficult>
		<bndbox>
			<xmin>72</xmin>
			<ymin>93</ymin>
			<xmax>79</xmax>
			<ymax>103</ymax>
		</bndbox>
	</object>
	<object>
		<name>w</name>
		<pose>Unspecified</pose>
		<truncated>0</truncated>
		<difficult>0</difficult>
		<bndbox>
			<xmin>58</xmin>
			<ymin>118</ymin>
			<xmax>70</xmax>
			<ymax>133</ymax>
		</bndbox>
	</object>
	<object>
		<name>w</name>
		<pose>Unspecified</pose>
		<truncated>0</truncated>
		<difficult>0</difficult>
		<bndbox>
			<xmin>85</xmin>
			<ymin>121</ymin>
			<xmax>99</xmax>
			<ymax>137</ymax>
		</bndbox>
	</object>
</annotation>
