<annotation>
	<folder>images</folder>
	<filename>3_081.jpg</filename>
	<path>/home/linrken/workbench/gc/images/3_081.jpg</path>
	<source>
		<database>Unknown</database>
	</source>
	<size>
		<width>224</width>
		<height>224</height>
		<depth>3</depth>
	</size>
	<segmented>0</segmented>
	<object>
		<name>w</name>
		<pose>Unspecified</pose>
		<truncated>0</truncated>
		<difficult>0</difficult>
		<bndbox>
			<xmin>33</xmin>
			<ymin>93</ymin>
			<xmax>41</xmax>
			<ymax>101</ymax>
		</bndbox>
	</object>
	<object>
		<name>w</name>
		<pose>Unspecified</pose>
		<truncated>0</truncated>
		<difficult>0</difficult>
		<bndbox>
			<xmin>20</xmin>
			<ymin>118</ymin>
			<xmax>33</xmax>
			<ymax>133</ymax>
		</bndbox>
	</object>
	<object>
		<name>w</name>
		<pose>Unspecified</pose>
		<truncated>0</truncated>
		<difficult>0</difficult>
		<bndbox>
			<xmin>50</xmin>
			<ymin>122</ymin>
			<xmax>64</xmax>
			<ymax>137</ymax>
		</bndbox>
	</object>
</annotation>
