<annotation>
	<folder>images</folder>
	<filename>3_082.jpg</filename>
	<path>/home/linrken/workbench/gc/images/3_082.jpg</path>
	<source>
		<database>Unknown</database>
	</source>
	<size>
		<width>224</width>
		<height>224</height>
		<depth>3</depth>
	</size>
	<segmented>0</segmented>
	<object>
		<name>w</name>
		<pose>Unspecified</pose>
		<truncated>0</truncated>
		<difficult>0</difficult>
		<bndbox>
			<xmin>44</xmin>
			<ymin>93</ymin>
			<xmax>52</xmax>
			<ymax>102</ymax>
		</bndbox>
	</object>
	<object>
		<name>w</name>
		<pose>Unspecified</pose>
		<truncated>0</truncated>
		<difficult>0</difficult>
		<bndbox>
			<xmin>31</xmin>
			<ymin>119</ymin>
			<xmax>45</xmax>
			<ymax>134</ymax>
		</bndbox>
	</object>
	<object>
		<name>w</name>
		<pose>Unspecified</pose>
		<truncated>0</truncated>
		<difficult>0</difficult>
		<bndbox>
			<xmin>60</xmin>
			<ymin>122</ymin>
			<xmax>72</xmax>
			<ymax>136</ymax>
		</bndbox>
	</object>
</annotation>
