<annotation>
	<folder>images</folder>
	<filename>3_088.jpg</filename>
	<path>/home/linrken/workbench/gc/images/3_088.jpg</path>
	<source>
		<database>Unknown</database>
	</source>
	<size>
		<width>224</width>
		<height>224</height>
		<depth>3</depth>
	</size>
	<segmented>0</segmented>
	<object>
		<name>w</name>
		<pose>Unspecified</pose>
		<truncated>0</truncated>
		<difficult>0</difficult>
		<bndbox>
			<xmin>150</xmin>
			<ymin>87</ymin>
			<xmax>157</xmax>
			<ymax>96</ymax>
		</bndbox>
	</object>
	<object>
		<name>w</name>
		<pose>Unspecified</pose>
		<truncated>0</truncated>
		<difficult>0</difficult>
		<bndbox>
			<xmin>135</xmin>
			<ymin>107</ymin>
			<xmax>147</xmax>
			<ymax>120</ymax>
		</bndbox>
	</object>
	<object>
		<name>w</name>
		<pose>Unspecified</pose>
		<truncated>0</truncated>
		<difficult>0</difficult>
		<bndbox>
			<xmin>159</xmin>
			<ymin>115</ymin>
			<xmax>169</xmax>
			<ymax>126</ymax>
		</bndbox>
	</object>
</annotation>
