<annotation>
	<folder>images</folder>
	<filename>3_096.jpg</filename>
	<path>/home/linrken/workbench/gc/images/3_096.jpg</path>
	<source>
		<database>Unknown</database>
	</source>
	<size>
		<width>224</width>
		<height>224</height>
		<depth>3</depth>
	</size>
	<segmented>0</segmented>
	<object>
		<name>w</name>
		<pose>Unspecified</pose>
		<truncated>0</truncated>
		<difficult>0</difficult>
		<bndbox>
			<xmin>172</xmin>
			<ymin>91</ymin>
			<xmax>181</xmax>
			<ymax>101</ymax>
		</bndbox>
	</object>
	<object>
		<name>w</name>
		<pose>Unspecified</pose>
		<truncated>0</truncated>
		<difficult>0</difficult>
		<bndbox>
			<xmin>154</xmin>
			<ymin>114</ymin>
			<xmax>165</xmax>
			<ymax>127</ymax>
		</bndbox>
	</object>
	<object>
		<name>w</name>
		<pose>Unspecified</pose>
		<truncated>0</truncated>
		<difficult>0</difficult>
		<bndbox>
			<xmin>180</xmin>
			<ymin>122</ymin>
			<xmax>193</xmax>
			<ymax>138</ymax>
		</bndbox>
	</object>
</annotation>
