<annotation>
	<folder>images</folder>
	<filename>3_091.jpg</filename>
	<path>/home/linrken/workbench/gc/images/3_091.jpg</path>
	<source>
		<database>Unknown</database>
	</source>
	<size>
		<width>224</width>
		<height>224</height>
		<depth>3</depth>
	</size>
	<segmented>0</segmented>
	<object>
		<name>w</name>
		<pose>Unspecified</pose>
		<truncated>0</truncated>
		<difficult>0</difficult>
		<bndbox>
			<xmin>179</xmin>
			<ymin>92</ymin>
			<xmax>187</xmax>
			<ymax>99</ymax>
		</bndbox>
	</object>
	<object>
		<name>w</name>
		<pose>Unspecified</pose>
		<truncated>0</truncated>
		<difficult>0</difficult>
		<bndbox>
			<xmin>162</xmin>
			<ymin>111</ymin>
			<xmax>174</xmax>
			<ymax>124</ymax>
		</bndbox>
	</object>
	<object>
		<name>w</name>
		<pose>Unspecified</pose>
		<truncated>0</truncated>
		<difficult>0</difficult>
		<bndbox>
			<xmin>186</xmin>
			<ymin>119</ymin>
			<xmax>199</xmax>
			<ymax>132</ymax>
		</bndbox>
	</object>
</annotation>
