<annotation>
	<folder>images</folder>
	<filename>3_099.jpg</filename>
	<path>/home/linrken/workbench/gc/images/3_099.jpg</path>
	<source>
		<database>Unknown</database>
	</source>
	<size>
		<width>224</width>
		<height>224</height>
		<depth>3</depth>
	</size>
	<segmented>0</segmented>
	<object>
		<name>w</name>
		<pose>Unspecified</pose>
		<truncated>0</truncated>
		<difficult>0</difficult>
		<bndbox>
			<xmin>166</xmin>
			<ymin>94</ymin>
			<xmax>175</xmax>
			<ymax>105</ymax>
		</bndbox>
	</object>
	<object>
		<name>w</name>
		<pose>Unspecified</pose>
		<truncated>0</truncated>
		<difficult>0</difficult>
		<bndbox>
			<xmin>146</xmin>
			<ymin>120</ymin>
			<xmax>157</xmax>
			<ymax>135</ymax>
		</bndbox>
	</object>
	<object>
		<name>w</name>
		<pose>Unspecified</pose>
		<truncated>0</truncated>
		<difficult>0</difficult>
		<bndbox>
			<xmin>171</xmin>
			<ymin>129</ymin>
			<xmax>185</xmax>
			<ymax>147</ymax>
		</bndbox>
	</object>
</annotation>
