<annotation>
	<folder>images</folder>
	<filename>3_098.jpg</filename>
	<path>/home/linrken/workbench/gc/images/3_098.jpg</path>
	<source>
		<database>Unknown</database>
	</source>
	<size>
		<width>224</width>
		<height>224</height>
		<depth>3</depth>
	</size>
	<segmented>0</segmented>
	<object>
		<name>w</name>
		<pose>Unspecified</pose>
		<truncated>0</truncated>
		<difficult>0</difficult>
		<bndbox>
			<xmin>169</xmin>
			<ymin>95</ymin>
			<xmax>177</xmax>
			<ymax>105</ymax>
		</bndbox>
	</object>
	<object>
		<name>w</name>
		<pose>Unspecified</pose>
		<truncated>0</truncated>
		<difficult>0</difficult>
		<bndbox>
			<xmin>149</xmin>
			<ymin>120</ymin>
			<xmax>161</xmax>
			<ymax>136</ymax>
		</bndbox>
	</object>
	<object>
		<name>w</name>
		<pose>Unspecified</pose>
		<truncated>0</truncated>
		<difficult>0</difficult>
		<bndbox>
			<xmin>175</xmin>
			<ymin>129</ymin>
			<xmax>189</xmax>
			<ymax>145</ymax>
		</bndbox>
	</object>
</annotation>
