<annotation>
	<folder>images</folder>
	<filename>3_092.jpg</filename>
	<path>/home/linrken/workbench/gc/images/3_092.jpg</path>
	<source>
		<database>Unknown</database>
	</source>
	<size>
		<width>224</width>
		<height>224</height>
		<depth>3</depth>
	</size>
	<segmented>0</segmented>
	<object>
		<name>w</name>
		<pose>Unspecified</pose>
		<truncated>0</truncated>
		<difficult>0</difficult>
		<bndbox>
			<xmin>182</xmin>
			<ymin>92</ymin>
			<xmax>190</xmax>
			<ymax>101</ymax>
		</bndbox>
	</object>
	<object>
		<name>w</name>
		<pose>Unspecified</pose>
		<truncated>0</truncated>
		<difficult>0</difficult>
		<bndbox>
			<xmin>165</xmin>
			<ymin>113</ymin>
			<xmax>176</xmax>
			<ymax>125</ymax>
		</bndbox>
	</object>
	<object>
		<name>w</name>
		<pose>Unspecified</pose>
		<truncated>0</truncated>
		<difficult>0</difficult>
		<bndbox>
			<xmin>190</xmin>
			<ymin>119</ymin>
			<xmax>202</xmax>
			<ymax>133</ymax>
		</bndbox>
	</object>
</annotation>
