<annotation>
	<folder>images</folder>
	<filename>3_106.jpg</filename>
	<path>/home/linrken/workbench/gc/images/3_106.jpg</path>
	<source>
		<database>Unknown</database>
	</source>
	<size>
		<width>224</width>
		<height>224</height>
		<depth>3</depth>
	</size>
	<segmented>0</segmented>
	<object>
		<name>w</name>
		<pose>Unspecified</pose>
		<truncated>0</truncated>
		<difficult>0</difficult>
		<bndbox>
			<xmin>196</xmin>
			<ymin>104</ymin>
			<xmax>206</xmax>
			<ymax>115</ymax>
		</bndbox>
	</object>
	<object>
		<name>w</name>
		<pose>Unspecified</pose>
		<truncated>0</truncated>
		<difficult>0</difficult>
		<bndbox>
			<xmin>160</xmin>
			<ymin>129</ymin>
			<xmax>173</xmax>
			<ymax>146</ymax>
		</bndbox>
	</object>
	<object>
		<name>w</name>
		<pose>Unspecified</pose>
		<truncated>0</truncated>
		<difficult>0</difficult>
		<bndbox>
			<xmin>184</xmin>
			<ymin>142</ymin>
			<xmax>199</xmax>
			<ymax>160</ymax>
		</bndbox>
	</object>
</annotation>
