<annotation>
	<folder>images</folder>
	<filename>3_105.jpg</filename>
	<path>/home/linrken/workbench/gc/images/3_105.jpg</path>
	<source>
		<database>Unknown</database>
	</source>
	<size>
		<width>224</width>
		<height>224</height>
		<depth>3</depth>
	</size>
	<segmented>0</segmented>
	<object>
		<name>w</name>
		<pose>Unspecified</pose>
		<truncated>0</truncated>
		<difficult>0</difficult>
		<bndbox>
			<xmin>197</xmin>
			<ymin>104</ymin>
			<xmax>206</xmax>
			<ymax>114</ymax>
		</bndbox>
	</object>
	<object>
		<name>w</name>
		<pose>Unspecified</pose>
		<truncated>0</truncated>
		<difficult>0</difficult>
		<bndbox>
			<xmin>161</xmin>
			<ymin>129</ymin>
			<xmax>174</xmax>
			<ymax>144</ymax>
		</bndbox>
	</object>
	<object>
		<name>w</name>
		<pose>Unspecified</pose>
		<truncated>0</truncated>
		<difficult>0</difficult>
		<bndbox>
			<xmin>186</xmin>
			<ymin>140</ymin>
			<xmax>200</xmax>
			<ymax>157</ymax>
		</bndbox>
	</object>
</annotation>
