<annotation>
	<folder>images</folder>
	<filename>3_109.jpg</filename>
	<path>/home/linrken/workbench/gc/images/3_109.jpg</path>
	<source>
		<database>Unknown</database>
	</source>
	<size>
		<width>224</width>
		<height>224</height>
		<depth>3</depth>
	</size>
	<segmented>0</segmented>
	<object>
		<name>w</name>
		<pose>Unspecified</pose>
		<truncated>0</truncated>
		<difficult>0</difficult>
		<bndbox>
			<xmin>210</xmin>
			<ymin>104</ymin>
			<xmax>219</xmax>
			<ymax>115</ymax>
		</bndbox>
	</object>
	<object>
		<name>w</name>
		<pose>Unspecified</pose>
		<truncated>0</truncated>
		<difficult>0</difficult>
		<bndbox>
			<xmin>165</xmin>
			<ymin>131</ymin>
			<xmax>179</xmax>
			<ymax>145</ymax>
		</bndbox>
	</object>
	<object>
		<name>w</name>
		<pose>Unspecified</pose>
		<truncated>0</truncated>
		<difficult>0</difficult>
		<bndbox>
			<xmin>187</xmin>
			<ymin>143</ymin>
			<xmax>203</xmax>
			<ymax>161</ymax>
		</bndbox>
	</object>
</annotation>
