<annotation>
	<folder>images</folder>
	<filename>3_101.jpg</filename>
	<path>/home/linrken/workbench/gc/images/3_101.jpg</path>
	<source>
		<database>Unknown</database>
	</source>
	<size>
		<width>224</width>
		<height>224</height>
		<depth>3</depth>
	</size>
	<segmented>0</segmented>
	<object>
		<name>w</name>
		<pose>Unspecified</pose>
		<truncated>0</truncated>
		<difficult>0</difficult>
		<bndbox>
			<xmin>164</xmin>
			<ymin>97</ymin>
			<xmax>174</xmax>
			<ymax>108</ymax>
		</bndbox>
	</object>
	<object>
		<name>w</name>
		<pose>Unspecified</pose>
		<truncated>0</truncated>
		<difficult>0</difficult>
		<bndbox>
			<xmin>139</xmin>
			<ymin>125</ymin>
			<xmax>152</xmax>
			<ymax>141</ymax>
		</bndbox>
	</object>
	<object>
		<name>w</name>
		<pose>Unspecified</pose>
		<truncated>0</truncated>
		<difficult>0</difficult>
		<bndbox>
			<xmin>166</xmin>
			<ymin>134</ymin>
			<xmax>181</xmax>
			<ymax>153</ymax>
		</bndbox>
	</object>
</annotation>
