<annotation>
	<folder>images</folder>
	<filename>3_100.jpg</filename>
	<path>/home/linrken/workbench/gc/images/3_100.jpg</path>
	<source>
		<database>Unknown</database>
	</source>
	<size>
		<width>224</width>
		<height>224</height>
		<depth>3</depth>
	</size>
	<segmented>0</segmented>
	<object>
		<name>w</name>
		<pose>Unspecified</pose>
		<truncated>0</truncated>
		<difficult>0</difficult>
		<bndbox>
			<xmin>166</xmin>
			<ymin>96</ymin>
			<xmax>176</xmax>
			<ymax>107</ymax>
		</bndbox>
	</object>
	<object>
		<name>w</name>
		<pose>Unspecified</pose>
		<truncated>0</truncated>
		<difficult>0</difficult>
		<bndbox>
			<xmin>145</xmin>
			<ymin>124</ymin>
			<xmax>157</xmax>
			<ymax>139</ymax>
		</bndbox>
	</object>
	<object>
		<name>w</name>
		<pose>Unspecified</pose>
		<truncated>0</truncated>
		<difficult>0</difficult>
		<bndbox>
			<xmin>168</xmin>
			<ymin>132</ymin>
			<xmax>184</xmax>
			<ymax>150</ymax>
		</bndbox>
	</object>
</annotation>
