<annotation>
	<folder>images</folder>
	<filename>3_111.jpg</filename>
	<path>/home/linrken/workbench/gc/images/3_111.jpg</path>
	<source>
		<database>Unknown</database>
	</source>
	<size>
		<width>224</width>
		<height>224</height>
		<depth>3</depth>
	</size>
	<segmented>0</segmented>
	<object>
		<name>w</name>
		<pose>Unspecified</pose>
		<truncated>1</truncated>
		<difficult>0</difficult>
		<bndbox>
			<xmin>215</xmin>
			<ymin>107</ymin>
			<xmax>224</xmax>
			<ymax>119</ymax>
		</bndbox>
	</object>
	<object>
		<name>w</name>
		<pose>Unspecified</pose>
		<truncated>0</truncated>
		<difficult>0</difficult>
		<bndbox>
			<xmin>167</xmin>
			<ymin>133</ymin>
			<xmax>180</xmax>
			<ymax>150</ymax>
		</bndbox>
	</object>
	<object>
		<name>w</name>
		<pose>Unspecified</pose>
		<truncated>0</truncated>
		<difficult>0</difficult>
		<bndbox>
			<xmin>189</xmin>
			<ymin>147</ymin>
			<xmax>205</xmax>
			<ymax>163</ymax>
		</bndbox>
	</object>
</annotation>
