<annotation>
	<folder>images</folder>
	<filename>3_117.jpg</filename>
	<path>/home/linrken/workbench/gc/images/3_117.jpg</path>
	<source>
		<database>Unknown</database>
	</source>
	<size>
		<width>224</width>
		<height>224</height>
		<depth>3</depth>
	</size>
	<segmented>0</segmented>
	<object>
		<name>w</name>
		<pose>Unspecified</pose>
		<truncated>0</truncated>
		<difficult>0</difficult>
		<bndbox>
			<xmin>151</xmin>
			<ymin>103</ymin>
			<xmax>160</xmax>
			<ymax>112</ymax>
		</bndbox>
	</object>
	<object>
		<name>w</name>
		<pose>Unspecified</pose>
		<truncated>0</truncated>
		<difficult>0</difficult>
		<bndbox>
			<xmin>112</xmin>
			<ymin>132</ymin>
			<xmax>125</xmax>
			<ymax>148</ymax>
		</bndbox>
	</object>
	<object>
		<name>w</name>
		<pose>Unspecified</pose>
		<truncated>0</truncated>
		<difficult>0</difficult>
		<bndbox>
			<xmin>135</xmin>
			<ymin>146</ymin>
			<xmax>151</xmax>
			<ymax>162</ymax>
		</bndbox>
	</object>
</annotation>
