<annotation>
	<folder>images</folder>
	<filename>3_119.jpg</filename>
	<path>/home/linrken/workbench/gc/images/3_119.jpg</path>
	<source>
		<database>Unknown</database>
	</source>
	<size>
		<width>224</width>
		<height>224</height>
		<depth>3</depth>
	</size>
	<segmented>0</segmented>
	<object>
		<name>w</name>
		<pose>Unspecified</pose>
		<truncated>0</truncated>
		<difficult>0</difficult>
		<bndbox>
			<xmin>88</xmin>
			<ymin>99</ymin>
			<xmax>99</xmax>
			<ymax>110</ymax>
		</bndbox>
	</object>
	<object>
		<name>w</name>
		<pose>Unspecified</pose>
		<truncated>0</truncated>
		<difficult>0</difficult>
		<bndbox>
			<xmin>52</xmin>
			<ymin>134</ymin>
			<xmax>68</xmax>
			<ymax>151</ymax>
		</bndbox>
	</object>
	<object>
		<name>w</name>
		<pose>Unspecified</pose>
		<truncated>0</truncated>
		<difficult>0</difficult>
		<bndbox>
			<xmin>79</xmin>
			<ymin>143</ymin>
			<xmax>95</xmax>
			<ymax>160</ymax>
		</bndbox>
	</object>
</annotation>
