<annotation>
	<folder>images</folder>
	<filename>3_110.jpg</filename>
	<path>/home/linrken/workbench/gc/images/3_110.jpg</path>
	<source>
		<database>Unknown</database>
	</source>
	<size>
		<width>224</width>
		<height>224</height>
		<depth>3</depth>
	</size>
	<segmented>0</segmented>
	<object>
		<name>w</name>
		<pose>Unspecified</pose>
		<truncated>1</truncated>
		<difficult>0</difficult>
		<bndbox>
			<xmin>212</xmin>
			<ymin>106</ymin>
			<xmax>224</xmax>
			<ymax>118</ymax>
		</bndbox>
	</object>
	<object>
		<name>w</name>
		<pose>Unspecified</pose>
		<truncated>0</truncated>
		<difficult>0</difficult>
		<bndbox>
			<xmin>166</xmin>
			<ymin>132</ymin>
			<xmax>181</xmax>
			<ymax>147</ymax>
		</bndbox>
	</object>
	<object>
		<name>w</name>
		<pose>Unspecified</pose>
		<truncated>0</truncated>
		<difficult>0</difficult>
		<bndbox>
			<xmin>190</xmin>
			<ymin>145</ymin>
			<xmax>205</xmax>
			<ymax>162</ymax>
		</bndbox>
	</object>
</annotation>
