<annotation>
	<folder>images</folder>
	<filename>3_116.jpg</filename>
	<path>/home/linrken/workbench/gc/images/3_116.jpg</path>
	<source>
		<database>Unknown</database>
	</source>
	<size>
		<width>224</width>
		<height>224</height>
		<depth>3</depth>
	</size>
	<segmented>0</segmented>
	<object>
		<name>w</name>
		<pose>Unspecified</pose>
		<truncated>0</truncated>
		<difficult>0</difficult>
		<bndbox>
			<xmin>170</xmin>
			<ymin>100</ymin>
			<xmax>181</xmax>
			<ymax>113</ymax>
		</bndbox>
	</object>
	<object>
		<name>w</name>
		<pose>Unspecified</pose>
		<truncated>0</truncated>
		<difficult>0</difficult>
		<bndbox>
			<xmin>130</xmin>
			<ymin>130</ymin>
			<xmax>142</xmax>
			<ymax>144</ymax>
		</bndbox>
	</object>
	<object>
		<name>w</name>
		<pose>Unspecified</pose>
		<truncated>0</truncated>
		<difficult>0</difficult>
		<bndbox>
			<xmin>153</xmin>
			<ymin>142</ymin>
			<xmax>166</xmax>
			<ymax>158</ymax>
		</bndbox>
	</object>
</annotation>
