<annotation>
	<folder>images</folder>
	<filename>3_118.jpg</filename>
	<path>/home/linrken/workbench/gc/images/3_118.jpg</path>
	<source>
		<database>Unknown</database>
	</source>
	<size>
		<width>224</width>
		<height>224</height>
		<depth>3</depth>
	</size>
	<segmented>0</segmented>
	<object>
		<name>w</name>
		<pose>Unspecified</pose>
		<truncated>0</truncated>
		<difficult>0</difficult>
		<bndbox>
			<xmin>112</xmin>
			<ymin>104</ymin>
			<xmax>122</xmax>
			<ymax>114</ymax>
		</bndbox>
	</object>
	<object>
		<name>w</name>
		<pose>Unspecified</pose>
		<truncated>0</truncated>
		<difficult>0</difficult>
		<bndbox>
			<xmin>77</xmin>
			<ymin>138</ymin>
			<xmax>91</xmax>
			<ymax>152</ymax>
		</bndbox>
	</object>
	<object>
		<name>w</name>
		<pose>Unspecified</pose>
		<truncated>0</truncated>
		<difficult>0</difficult>
		<bndbox>
			<xmin>102</xmin>
			<ymin>148</ymin>
			<xmax>118</xmax>
			<ymax>163</ymax>
		</bndbox>
	</object>
</annotation>
