<annotation>
	<folder>images</folder>
	<filename>3_121.jpg</filename>
	<path>/home/linrken/workbench/gc/images/3_121.jpg</path>
	<source>
		<database>Unknown</database>
	</source>
	<size>
		<width>224</width>
		<height>224</height>
		<depth>3</depth>
	</size>
	<segmented>0</segmented>
	<object>
		<name>w</name>
		<pose>Unspecified</pose>
		<truncated>0</truncated>
		<difficult>0</difficult>
		<bndbox>
			<xmin>14</xmin>
			<ymin>112</ymin>
			<xmax>26</xmax>
			<ymax>124</ymax>
		</bndbox>
	</object>
	<object>
		<name>w</name>
		<pose>Unspecified</pose>
		<truncated>0</truncated>
		<difficult>0</difficult>
		<bndbox>
			<xmin>11</xmin>
			<ymin>162</ymin>
			<xmax>29</xmax>
			<ymax>183</ymax>
		</bndbox>
	</object>
</annotation>
