<annotation>
	<folder>images</folder>
	<filename>4_008.jpg</filename>
	<path>/home/linrken/workbench/gc/images/4_008.jpg</path>
	<source>
		<database>Unknown</database>
	</source>
	<size>
		<width>224</width>
		<height>224</height>
		<depth>3</depth>
	</size>
	<segmented>0</segmented>
	<object>
		<name>w</name>
		<pose>Unspecified</pose>
		<truncated>0</truncated>
		<difficult>0</difficult>
		<bndbox>
			<xmin>107</xmin>
			<ymin>122</ymin>
			<xmax>121</xmax>
			<ymax>140</ymax>
		</bndbox>
	</object>
</annotation>
