<annotation>
	<folder>images</folder>
	<filename>3_029.jpg</filename>
	<path>D:\大学\大二下\工创\zt\images\3_029.jpg</path>
	<source>
		<database>Unknown</database>
	</source>
	<size>
		<width>224</width>
		<height>224</height>
		<depth>3</depth>
	</size>
	<segmented>0</segmented>
	<object>
		<name>tennis</name>
		<pose>Unspecified</pose>
		<truncated>0</truncated>
		<difficult>0</difficult>
		<bndbox>
			<xmin>106</xmin>
			<ymin>61</ymin>
			<xmax>119</xmax>
			<ymax>79</ymax>
		</bndbox>
	</object>
	<object>
		<name>tennis</name>
		<pose>Unspecified</pose>
		<truncated>0</truncated>
		<difficult>0</difficult>
		<bndbox>
			<xmin>172</xmin>
			<ymin>74</ymin>
			<xmax>189</xmax>
			<ymax>95</ymax>
		</bndbox>
	</object>
	<object>
		<name>tennis</name>
		<pose>Unspecified</pose>
		<truncated>0</truncated>
		<difficult>0</difficult>
		<bndbox>
			<xmin>183</xmin>
			<ymin>58</ymin>
			<xmax>196</xmax>
			<ymax>73</ymax>
		</bndbox>
	</object>
</annotation>
