<annotation>
	<folder>images</folder>
	<filename>3_024.jpg</filename>
	<path>D:\大学\大二下\工创\zt\images\3_024.jpg</path>
	<source>
		<database>Unknown</database>
	</source>
	<size>
		<width>224</width>
		<height>224</height>
		<depth>3</depth>
	</size>
	<segmented>0</segmented>
	<object>
		<name>tennis</name>
		<pose>Unspecified</pose>
		<truncated>0</truncated>
		<difficult>0</difficult>
		<bndbox>
			<xmin>145</xmin>
			<ymin>66</ymin>
			<xmax>157</xmax>
			<ymax>84</ymax>
		</bndbox>
	</object>
	<object>
		<name>tennis</name>
		<pose>Unspecified</pose>
		<truncated>1</truncated>
		<difficult>0</difficult>
		<bndbox>
			<xmin>209</xmin>
			<ymin>81</ymin>
			<xmax>224</xmax>
			<ymax>102</ymax>
		</bndbox>
	</object>
</annotation>
