<annotation>
	<folder>images</folder>
	<filename>3_026.jpg</filename>
	<path>D:\大学\大二下\工创\zt\images\3_026.jpg</path>
	<source>
		<database>Unknown</database>
	</source>
	<size>
		<width>224</width>
		<height>224</height>
		<depth>3</depth>
	</size>
	<segmented>0</segmented>
	<object>
		<name>tennis</name>
		<pose>Unspecified</pose>
		<truncated>0</truncated>
		<difficult>0</difficult>
		<bndbox>
			<xmin>147</xmin>
			<ymin>66</ymin>
			<xmax>159</xmax>
			<ymax>87</ymax>
		</bndbox>
	</object>
	<object>
		<name>tennis</name>
		<pose>Unspecified</pose>
		<truncated>1</truncated>
		<difficult>0</difficult>
		<bndbox>
			<xmin>212</xmin>
			<ymin>83</ymin>
			<xmax>224</xmax>
			<ymax>104</ymax>
		</bndbox>
	</object>
</annotation>
