<annotation>
	<folder>images</folder>
	<filename>3_025.jpg</filename>
	<path>D:\大学\大二下\工创\zt\images\3_025.jpg</path>
	<source>
		<database>Unknown</database>
	</source>
	<size>
		<width>224</width>
		<height>224</height>
		<depth>3</depth>
	</size>
	<segmented>0</segmented>
	<object>
		<name>tennis</name>
		<pose>Unspecified</pose>
		<truncated>0</truncated>
		<difficult>0</difficult>
		<bndbox>
			<xmin>151</xmin>
			<ymin>56</ymin>
			<xmax>163</xmax>
			<ymax>77</ymax>
		</bndbox>
	</object>
	<object>
		<name>tennis</name>
		<pose>Unspecified</pose>
		<truncated>1</truncated>
		<difficult>0</difficult>
		<bndbox>
			<xmin>217</xmin>
			<ymin>74</ymin>
			<xmax>224</xmax>
			<ymax>96</ymax>
		</bndbox>
	</object>
</annotation>
