<annotation>
	<folder>images</folder>
	<filename>3_023.jpg</filename>
	<path>D:\大学\大二下\工创\zt\images\3_023.jpg</path>
	<source>
		<database>Unknown</database>
	</source>
	<size>
		<width>224</width>
		<height>224</height>
		<depth>3</depth>
	</size>
	<segmented>0</segmented>
	<object>
		<name>tennis</name>
		<pose>Unspecified</pose>
		<truncated>0</truncated>
		<difficult>0</difficult>
		<bndbox>
			<xmin>138</xmin>
			<ymin>65</ymin>
			<xmax>152</xmax>
			<ymax>83</ymax>
		</bndbox>
	</object>
	<object>
		<name>tennis</name>
		<pose>Unspecified</pose>
		<truncated>0</truncated>
		<difficult>0</difficult>
		<bndbox>
			<xmin>202</xmin>
			<ymin>80</ymin>
			<xmax>217</xmax>
			<ymax>100</ymax>
		</bndbox>
	</object>
	<object>
		<name>tennis</name>
		<pose>Unspecified</pose>
		<truncated>1</truncated>
		<difficult>0</difficult>
		<bndbox>
			<xmin>219</xmin>
			<ymin>65</ymin>
			<xmax>224</xmax>
			<ymax>81</ymax>
		</bndbox>
	</object>
</annotation>
