<annotation>
	<folder>images</folder>
	<filename>3_020.jpg</filename>
	<path>D:\大学\大二下\工创\zt\images\3_020.jpg</path>
	<source>
		<database>Unknown</database>
	</source>
	<size>
		<width>224</width>
		<height>224</height>
		<depth>3</depth>
	</size>
	<segmented>0</segmented>
	<object>
		<name>tennis</name>
		<pose>Unspecified</pose>
		<truncated>0</truncated>
		<difficult>0</difficult>
		<bndbox>
			<xmin>119</xmin>
			<ymin>63</ymin>
			<xmax>131</xmax>
			<ymax>80</ymax>
		</bndbox>
	</object>
	<object>
		<name>tennis</name>
		<pose>Unspecified</pose>
		<truncated>0</truncated>
		<difficult>0</difficult>
		<bndbox>
			<xmin>178</xmin>
			<ymin>76</ymin>
			<xmax>193</xmax>
			<ymax>97</ymax>
		</bndbox>
	</object>
	<object>
		<name>tennis</name>
		<pose>Unspecified</pose>
		<truncated>0</truncated>
		<difficult>0</difficult>
		<bndbox>
			<xmin>195</xmin>
			<ymin>61</ymin>
			<xmax>208</xmax>
			<ymax>77</ymax>
		</bndbox>
	</object>
</annotation>
