<annotation>
	<folder>images</folder>
	<filename>3_028.jpg</filename>
	<path>D:\大学\大二下\工创\zt\images\3_028.jpg</path>
	<source>
		<database>Unknown</database>
	</source>
	<size>
		<width>224</width>
		<height>224</height>
		<depth>3</depth>
	</size>
	<segmented>0</segmented>
	<object>
		<name>tennis</name>
		<pose>Unspecified</pose>
		<truncated>0</truncated>
		<difficult>0</difficult>
		<bndbox>
			<xmin>120</xmin>
			<ymin>63</ymin>
			<xmax>134</xmax>
			<ymax>83</ymax>
		</bndbox>
	</object>
	<object>
		<name>tennis</name>
		<pose>Unspecified</pose>
		<truncated>0</truncated>
		<difficult>0</difficult>
		<bndbox>
			<xmin>188</xmin>
			<ymin>78</ymin>
			<xmax>203</xmax>
			<ymax>99</ymax>
		</bndbox>
	</object>
	<object>
		<name>tennis</name>
		<pose>Unspecified</pose>
		<truncated>0</truncated>
		<difficult>0</difficult>
		<bndbox>
			<xmin>199</xmin>
			<ymin>60</ymin>
			<xmax>212</xmax>
			<ymax>77</ymax>
		</bndbox>
	</object>
</annotation>
