<annotation>
	<folder>images</folder>
	<filename>3_035.jpg</filename>
	<path>D:\大学\大二下\工创\zt\images\3_035.jpg</path>
	<source>
		<database>Unknown</database>
	</source>
	<size>
		<width>224</width>
		<height>224</height>
		<depth>3</depth>
	</size>
	<segmented>0</segmented>
	<object>
		<name>tennis</name>
		<pose>Unspecified</pose>
		<truncated>0</truncated>
		<difficult>0</difficult>
		<bndbox>
			<xmin>18</xmin>
			<ymin>67</ymin>
			<xmax>35</xmax>
			<ymax>87</ymax>
		</bndbox>
	</object>
	<object>
		<name>tennis</name>
		<pose>Unspecified</pose>
		<truncated>0</truncated>
		<difficult>0</difficult>
		<bndbox>
			<xmin>102</xmin>
			<ymin>55</ymin>
			<xmax>114</xmax>
			<ymax>72</ymax>
		</bndbox>
	</object>
	<object>
		<name>tennis</name>
		<pose>Unspecified</pose>
		<truncated>0</truncated>
		<difficult>0</difficult>
		<bndbox>
			<xmin>94</xmin>
			<ymin>76</ymin>
			<xmax>112</xmax>
			<ymax>97</ymax>
		</bndbox>
	</object>
	<object>
		<name>tennis</name>
		<pose>Unspecified</pose>
		<truncated>0</truncated>
		<difficult>0</difficult>
		<bndbox>
			<xmin>177</xmin>
			<ymin>105</ymin>
			<xmax>200</xmax>
			<ymax>134</ymax>
		</bndbox>
	</object>
</annotation>
