<annotation>
	<folder>images</folder>
	<filename>3_044.jpg</filename>
	<path>D:\大学\大二下\工创\zt\images\3_044.jpg</path>
	<source>
		<database>Unknown</database>
	</source>
	<size>
		<width>224</width>
		<height>224</height>
		<depth>3</depth>
	</size>
	<segmented>0</segmented>
	<object>
		<name>tennis</name>
		<pose>Unspecified</pose>
		<truncated>0</truncated>
		<difficult>0</difficult>
		<bndbox>
			<xmin>53</xmin>
			<ymin>50</ymin>
			<xmax>67</xmax>
			<ymax>69</ymax>
		</bndbox>
	</object>
	<object>
		<name>tennis</name>
		<pose>Unspecified</pose>
		<truncated>0</truncated>
		<difficult>0</difficult>
		<bndbox>
			<xmin>44</xmin>
			<ymin>76</ymin>
			<xmax>64</xmax>
			<ymax>103</ymax>
		</bndbox>
	</object>
	<object>
		<name>tennis</name>
		<pose>Unspecified</pose>
		<truncated>0</truncated>
		<difficult>0</difficult>
		<bndbox>
			<xmin>144</xmin>
			<ymin>112</ymin>
			<xmax>170</xmax>
			<ymax>148</ymax>
		</bndbox>
	</object>
</annotation>
