<annotation>
	<folder>images</folder>
	<filename>3_047.jpg</filename>
	<path>D:\大学\大二下\工创\zt\images\3_047.jpg</path>
	<source>
		<database>Unknown</database>
	</source>
	<size>
		<width>224</width>
		<height>224</height>
		<depth>3</depth>
	</size>
	<segmented>0</segmented>
	<object>
		<name>tennis</name>
		<pose>Unspecified</pose>
		<truncated>0</truncated>
		<difficult>0</difficult>
		<bndbox>
			<xmin>80</xmin>
			<ymin>55</ymin>
			<xmax>93</xmax>
			<ymax>72</ymax>
		</bndbox>
	</object>
	<object>
		<name>tennis</name>
		<pose>Unspecified</pose>
		<truncated>0</truncated>
		<difficult>0</difficult>
		<bndbox>
			<xmin>70</xmin>
			<ymin>81</ymin>
			<xmax>90</xmax>
			<ymax>107</ymax>
		</bndbox>
	</object>
	<object>
		<name>tennis</name>
		<pose>Unspecified</pose>
		<truncated>0</truncated>
		<difficult>0</difficult>
		<bndbox>
			<xmin>168</xmin>
			<ymin>120</ymin>
			<xmax>199</xmax>
			<ymax>155</ymax>
		</bndbox>
	</object>
</annotation>
