<annotation>
	<folder>images</folder>
	<filename>3_045.jpg</filename>
	<path>D:\大学\大二下\工创\zt\images\3_045.jpg</path>
	<source>
		<database>Unknown</database>
	</source>
	<size>
		<width>224</width>
		<height>224</height>
		<depth>3</depth>
	</size>
	<segmented>0</segmented>
	<object>
		<name>tennis</name>
		<pose>Unspecified</pose>
		<truncated>0</truncated>
		<difficult>0</difficult>
		<bndbox>
			<xmin>61</xmin>
			<ymin>59</ymin>
			<xmax>74</xmax>
			<ymax>77</ymax>
		</bndbox>
	</object>
	<object>
		<name>tennis</name>
		<pose>Unspecified</pose>
		<truncated>0</truncated>
		<difficult>0</difficult>
		<bndbox>
			<xmin>51</xmin>
			<ymin>84</ymin>
			<xmax>70</xmax>
			<ymax>109</ymax>
		</bndbox>
	</object>
	<object>
		<name>tennis</name>
		<pose>Unspecified</pose>
		<truncated>0</truncated>
		<difficult>0</difficult>
		<bndbox>
			<xmin>148</xmin>
			<ymin>119</ymin>
			<xmax>176</xmax>
			<ymax>153</ymax>
		</bndbox>
	</object>
</annotation>
