<annotation>
	<folder>images</folder>
	<filename>3_040.jpg</filename>
	<path>D:\大学\大二下\工创\zt\images\3_040.jpg</path>
	<source>
		<database>Unknown</database>
	</source>
	<size>
		<width>224</width>
		<height>224</height>
		<depth>3</depth>
	</size>
	<segmented>0</segmented>
	<object>
		<name>tennis</name>
		<pose>Unspecified</pose>
		<truncated>0</truncated>
		<difficult>0</difficult>
		<bndbox>
			<xmin>53</xmin>
			<ymin>58</ymin>
			<xmax>68</xmax>
			<ymax>75</ymax>
		</bndbox>
	</object>
	<object>
		<name>tennis</name>
		<pose>Unspecified</pose>
		<truncated>0</truncated>
		<difficult>0</difficult>
		<bndbox>
			<xmin>46</xmin>
			<ymin>80</ymin>
			<xmax>63</xmax>
			<ymax>103</ymax>
		</bndbox>
	</object>
	<object>
		<name>tennis</name>
		<pose>Unspecified</pose>
		<truncated>0</truncated>
		<difficult>0</difficult>
		<bndbox>
			<xmin>138</xmin>
			<ymin>108</ymin>
			<xmax>159</xmax>
			<ymax>135</ymax>
		</bndbox>
	</object>
</annotation>
