<annotation>
	<folder>images</folder>
	<filename>3_054.jpg</filename>
	<path>D:\大学\大二下\工创\zt\images\3_054.jpg</path>
	<source>
		<database>Unknown</database>
	</source>
	<size>
		<width>224</width>
		<height>224</height>
		<depth>3</depth>
	</size>
	<segmented>0</segmented>
	<object>
		<name>tennis</name>
		<pose>Unspecified</pose>
		<truncated>0</truncated>
		<difficult>0</difficult>
		<bndbox>
			<xmin>59</xmin>
			<ymin>69</ymin>
			<xmax>75</xmax>
			<ymax>91</ymax>
		</bndbox>
	</object>
	<object>
		<name>tennis</name>
		<pose>Unspecified</pose>
		<truncated>0</truncated>
		<difficult>0</difficult>
		<bndbox>
			<xmin>149</xmin>
			<ymin>63</ymin>
			<xmax>161</xmax>
			<ymax>79</ymax>
		</bndbox>
	</object>
	<object>
		<name>tennis</name>
		<pose>Unspecified</pose>
		<truncated>0</truncated>
		<difficult>0</difficult>
		<bndbox>
			<xmin>136</xmin>
			<ymin>86</ymin>
			<xmax>151</xmax>
			<ymax>108</ymax>
		</bndbox>
	</object>
</annotation>
