<annotation>
	<folder>images</folder>
	<filename>3_065.jpg</filename>
	<path>D:\大学\大二下\工创\zt\images\3_065.jpg</path>
	<source>
		<database>Unknown</database>
	</source>
	<size>
		<width>224</width>
		<height>224</height>
		<depth>3</depth>
	</size>
	<segmented>0</segmented>
	<object>
		<name>tennis</name>
		<pose>Unspecified</pose>
		<truncated>0</truncated>
		<difficult>0</difficult>
		<bndbox>
			<xmin>31</xmin>
			<ymin>57</ymin>
			<xmax>44</xmax>
			<ymax>73</ymax>
		</bndbox>
	</object>
	<object>
		<name>tennis</name>
		<pose>Unspecified</pose>
		<truncated>0</truncated>
		<difficult>0</difficult>
		<bndbox>
			<xmin>20</xmin>
			<ymin>79</ymin>
			<xmax>36</xmax>
			<ymax>102</ymax>
		</bndbox>
	</object>
	<object>
		<name>tennis</name>
		<pose>Unspecified</pose>
		<truncated>0</truncated>
		<difficult>0</difficult>
		<bndbox>
			<xmin>104</xmin>
			<ymin>102</ymin>
			<xmax>125</xmax>
			<ymax>131</ymax>
		</bndbox>
	</object>
</annotation>
