<annotation>
	<folder>images</folder>
	<filename>3_064.jpg</filename>
	<path>D:\大学\大二下\工创\zt\images\3_064.jpg</path>
	<source>
		<database>Unknown</database>
	</source>
	<size>
		<width>224</width>
		<height>224</height>
		<depth>3</depth>
	</size>
	<segmented>0</segmented>
	<object>
		<name>tennis</name>
		<pose>Unspecified</pose>
		<truncated>0</truncated>
		<difficult>0</difficult>
		<bndbox>
			<xmin>42</xmin>
			<ymin>56</ymin>
			<xmax>55</xmax>
			<ymax>72</ymax>
		</bndbox>
	</object>
	<object>
		<name>tennis</name>
		<pose>Unspecified</pose>
		<truncated>0</truncated>
		<difficult>0</difficult>
		<bndbox>
			<xmin>30</xmin>
			<ymin>75</ymin>
			<xmax>48</xmax>
			<ymax>99</ymax>
		</bndbox>
	</object>
	<object>
		<name>tennis</name>
		<pose>Unspecified</pose>
		<truncated>0</truncated>
		<difficult>0</difficult>
		<bndbox>
			<xmin>111</xmin>
			<ymin>102</ymin>
			<xmax>133</xmax>
			<ymax>130</ymax>
		</bndbox>
	</object>
</annotation>
