<annotation>
	<folder>images</folder>
	<filename>3_076.jpg</filename>
	<path>D:\大学\大二下\工创\zt\images\3_076.jpg</path>
	<source>
		<database>Unknown</database>
	</source>
	<size>
		<width>224</width>
		<height>224</height>
		<depth>3</depth>
	</size>
	<segmented>0</segmented>
	<object>
		<name>tennis</name>
		<pose>Unspecified</pose>
		<truncated>0</truncated>
		<difficult>0</difficult>
		<bndbox>
			<xmin>3</xmin>
			<ymin>69</ymin>
			<xmax>19</xmax>
			<ymax>89</ymax>
		</bndbox>
	</object>
	<object>
		<name>tennis</name>
		<pose>Unspecified</pose>
		<truncated>0</truncated>
		<difficult>0</difficult>
		<bndbox>
			<xmin>84</xmin>
			<ymin>154</ymin>
			<xmax>118</xmax>
			<ymax>197</ymax>
		</bndbox>
	</object>
</annotation>
