<annotation>
	<folder>images</folder>
	<filename>3_072.jpg</filename>
	<path>D:\大学\大二下\工创\zt\images\3_072.jpg</path>
	<source>
		<database>Unknown</database>
	</source>
	<size>
		<width>224</width>
		<height>224</height>
		<depth>3</depth>
	</size>
	<segmented>0</segmented>
	<object>
		<name>tennis</name>
		<pose>Unspecified</pose>
		<truncated>0</truncated>
		<difficult>0</difficult>
		<bndbox>
			<xmin>2</xmin>
			<ymin>60</ymin>
			<xmax>18</xmax>
			<ymax>79</ymax>
		</bndbox>
	</object>
	<object>
		<name>tennis</name>
		<pose>Unspecified</pose>
		<truncated>0</truncated>
		<difficult>0</difficult>
		<bndbox>
			<xmin>82</xmin>
			<ymin>133</ymin>
			<xmax>112</xmax>
			<ymax>172</ymax>
		</bndbox>
	</object>
</annotation>
