<annotation>
	<folder>images</folder>
	<filename>3_085.jpg</filename>
	<path>D:\大学\大二下\工创\zt\images\3_085.jpg</path>
	<source>
		<database>Unknown</database>
	</source>
	<size>
		<width>224</width>
		<height>224</height>
		<depth>3</depth>
	</size>
	<segmented>0</segmented>
	<object>
		<name>tennis</name>
		<pose>Unspecified</pose>
		<truncated>1</truncated>
		<difficult>0</difficult>
		<bndbox>
			<xmin>1</xmin>
			<ymin>109</ymin>
			<xmax>22</xmax>
			<ymax>142</ymax>
		</bndbox>
	</object>
	<object>
		<name>tennis</name>
		<pose>Unspecified</pose>
		<truncated>0</truncated>
		<difficult>0</difficult>
		<bndbox>
			<xmin>38</xmin>
			<ymin>70</ymin>
			<xmax>53</xmax>
			<ymax>92</ymax>
		</bndbox>
	</object>
	<object>
		<name>tennis</name>
		<pose>Unspecified</pose>
		<truncated>1</truncated>
		<difficult>0</difficult>
		<bndbox>
			<xmin>103</xmin>
			<ymin>179</ymin>
			<xmax>142</xmax>
			<ymax>224</ymax>
		</bndbox>
	</object>
</annotation>
