<annotation>
	<folder>images</folder>
	<filename>3_086.jpg</filename>
	<path>D:\大学\大二下\工创\zt\images\3_086.jpg</path>
	<source>
		<database>Unknown</database>
	</source>
	<size>
		<width>224</width>
		<height>224</height>
		<depth>3</depth>
	</size>
	<segmented>0</segmented>
	<object>
		<name>tennis</name>
		<pose>Unspecified</pose>
		<truncated>0</truncated>
		<difficult>0</difficult>
		<bndbox>
			<xmin>23</xmin>
			<ymin>106</ymin>
			<xmax>47</xmax>
			<ymax>138</ymax>
		</bndbox>
	</object>
	<object>
		<name>tennis</name>
		<pose>Unspecified</pose>
		<truncated>0</truncated>
		<difficult>0</difficult>
		<bndbox>
			<xmin>62</xmin>
			<ymin>72</ymin>
			<xmax>79</xmax>
			<ymax>92</ymax>
		</bndbox>
	</object>
	<object>
		<name>tennis</name>
		<pose>Unspecified</pose>
		<truncated>1</truncated>
		<difficult>0</difficult>
		<bndbox>
			<xmin>123</xmin>
			<ymin>181</ymin>
			<xmax>160</xmax>
			<ymax>224</ymax>
		</bndbox>
	</object>
</annotation>
