<annotation>
	<folder>images</folder>
	<filename>3_087.jpg</filename>
	<path>D:\大学\大二下\工创\zt\images\3_087.jpg</path>
	<source>
		<database>Unknown</database>
	</source>
	<size>
		<width>224</width>
		<height>224</height>
		<depth>3</depth>
	</size>
	<segmented>0</segmented>
	<object>
		<name>tennis</name>
		<pose>Unspecified</pose>
		<truncated>0</truncated>
		<difficult>0</difficult>
		<bndbox>
			<xmin>69</xmin>
			<ymin>68</ymin>
			<xmax>84</xmax>
			<ymax>87</ymax>
		</bndbox>
	</object>
	<object>
		<name>tennis</name>
		<pose>Unspecified</pose>
		<truncated>0</truncated>
		<difficult>0</difficult>
		<bndbox>
			<xmin>29</xmin>
			<ymin>103</ymin>
			<xmax>56</xmax>
			<ymax>134</ymax>
		</bndbox>
	</object>
	<object>
		<name>tennis</name>
		<pose>Unspecified</pose>
		<truncated>1</truncated>
		<difficult>0</difficult>
		<bndbox>
			<xmin>127</xmin>
			<ymin>178</ymin>
			<xmax>166</xmax>
			<ymax>224</ymax>
		</bndbox>
	</object>
</annotation>
