<annotation>
	<folder>images</folder>
	<filename>3_089.jpg</filename>
	<path>D:\大学\大二下\工创\zt\images\3_089.jpg</path>
	<source>
		<database>Unknown</database>
	</source>
	<size>
		<width>224</width>
		<height>224</height>
		<depth>3</depth>
	</size>
	<segmented>0</segmented>
	<object>
		<name>tennis</name>
		<pose>Unspecified</pose>
		<truncated>0</truncated>
		<difficult>0</difficult>
		<bndbox>
			<xmin>92</xmin>
			<ymin>66</ymin>
			<xmax>108</xmax>
			<ymax>84</ymax>
		</bndbox>
	</object>
	<object>
		<name>tennis</name>
		<pose>Unspecified</pose>
		<truncated>0</truncated>
		<difficult>0</difficult>
		<bndbox>
			<xmin>52</xmin>
			<ymin>98</ymin>
			<xmax>77</xmax>
			<ymax>130</ymax>
		</bndbox>
	</object>
	<object>
		<name>tennis</name>
		<pose>Unspecified</pose>
		<truncated>1</truncated>
		<difficult>0</difficult>
		<bndbox>
			<xmin>144</xmin>
			<ymin>178</ymin>
			<xmax>181</xmax>
			<ymax>224</ymax>
		</bndbox>
	</object>
</annotation>
