<annotation>
	<folder>images</folder>
	<filename>3_095.jpg</filename>
	<path>D:\大学\大二下\工创\zt\images\3_095.jpg</path>
	<source>
		<database>Unknown</database>
	</source>
	<size>
		<width>224</width>
		<height>224</height>
		<depth>3</depth>
	</size>
	<segmented>0</segmented>
	<object>
		<name>tennis</name>
		<pose>Unspecified</pose>
		<truncated>0</truncated>
		<difficult>0</difficult>
		<bndbox>
			<xmin>17</xmin>
			<ymin>79</ymin>
			<xmax>38</xmax>
			<ymax>106</ymax>
		</bndbox>
	</object>
	<object>
		<name>tennis</name>
		<pose>Unspecified</pose>
		<truncated>0</truncated>
		<difficult>0</difficult>
		<bndbox>
			<xmin>98</xmin>
			<ymin>106</ymin>
			<xmax>120</xmax>
			<ymax>136</ymax>
		</bndbox>
	</object>
	<object>
		<name>tennis</name>
		<pose>Unspecified</pose>
		<truncated>0</truncated>
		<difficult>0</difficult>
		<bndbox>
			<xmin>141</xmin>
			<ymin>71</ymin>
			<xmax>156</xmax>
			<ymax>93</ymax>
		</bndbox>
	</object>
</annotation>
