<annotation>
	<folder>images</folder>
	<filename>3_098.jpg</filename>
	<path>D:\大学\大二下\工创\zt\images\3_098.jpg</path>
	<source>
		<database>Unknown</database>
	</source>
	<size>
		<width>224</width>
		<height>224</height>
		<depth>3</depth>
	</size>
	<segmented>0</segmented>
	<object>
		<name>tennis</name>
		<pose>Unspecified</pose>
		<truncated>0</truncated>
		<difficult>0</difficult>
		<bndbox>
			<xmin>31</xmin>
			<ymin>92</ymin>
			<xmax>52</xmax>
			<ymax>120</ymax>
		</bndbox>
	</object>
	<object>
		<name>tennis</name>
		<pose>Unspecified</pose>
		<truncated>0</truncated>
		<difficult>0</difficult>
		<bndbox>
			<xmin>112</xmin>
			<ymin>125</ymin>
			<xmax>136</xmax>
			<ymax>157</ymax>
		</bndbox>
	</object>
	<object>
		<name>tennis</name>
		<pose>Unspecified</pose>
		<truncated>0</truncated>
		<difficult>0</difficult>
		<bndbox>
			<xmin>159</xmin>
			<ymin>85</ymin>
			<xmax>175</xmax>
			<ymax>107</ymax>
		</bndbox>
	</object>
</annotation>
