<annotation>
	<folder>images</folder>
	<filename>3_096.jpg</filename>
	<path>D:\大学\大二下\工创\zt\images\3_096.jpg</path>
	<source>
		<database>Unknown</database>
	</source>
	<size>
		<width>224</width>
		<height>224</height>
		<depth>3</depth>
	</size>
	<segmented>0</segmented>
	<object>
		<name>tennis</name>
		<pose>Unspecified</pose>
		<truncated>0</truncated>
		<difficult>0</difficult>
		<bndbox>
			<xmin>21</xmin>
			<ymin>88</ymin>
			<xmax>40</xmax>
			<ymax>112</ymax>
		</bndbox>
	</object>
	<object>
		<name>tennis</name>
		<pose>Unspecified</pose>
		<truncated>0</truncated>
		<difficult>0</difficult>
		<bndbox>
			<xmin>101</xmin>
			<ymin>114</ymin>
			<xmax>124</xmax>
			<ymax>147</ymax>
		</bndbox>
	</object>
	<object>
		<name>tennis</name>
		<pose>Unspecified</pose>
		<truncated>0</truncated>
		<difficult>0</difficult>
		<bndbox>
			<xmin>145</xmin>
			<ymin>80</ymin>
			<xmax>159</xmax>
			<ymax>101</ymax>
		</bndbox>
	</object>
</annotation>
