<annotation>
	<folder>images</folder>
	<filename>3_091.jpg</filename>
	<path>D:\大学\大二下\工创\zt\images\3_091.jpg</path>
	<source>
		<database>Unknown</database>
	</source>
	<size>
		<width>224</width>
		<height>224</height>
		<depth>3</depth>
	</size>
	<segmented>0</segmented>
	<object>
		<name>tennis</name>
		<pose>Unspecified</pose>
		<truncated>0</truncated>
		<difficult>0</difficult>
		<bndbox>
			<xmin>69</xmin>
			<ymin>101</ymin>
			<xmax>92</xmax>
			<ymax>131</ymax>
		</bndbox>
	</object>
	<object>
		<name>tennis</name>
		<pose>Unspecified</pose>
		<truncated>0</truncated>
		<difficult>0</difficult>
		<bndbox>
			<xmin>107</xmin>
			<ymin>68</ymin>
			<xmax>123</xmax>
			<ymax>88</ymax>
		</bndbox>
	</object>
	<object>
		<name>tennis</name>
		<pose>Unspecified</pose>
		<truncated>1</truncated>
		<difficult>0</difficult>
		<bndbox>
			<xmin>158</xmin>
			<ymin>185</ymin>
			<xmax>199</xmax>
			<ymax>224</ymax>
		</bndbox>
	</object>
</annotation>
