<annotation>
	<folder>images</folder>
	<filename>3_103.jpg</filename>
	<path>D:\大学\大二下\工创\zt\images\3_103.jpg</path>
	<source>
		<database>Unknown</database>
	</source>
	<size>
		<width>224</width>
		<height>224</height>
		<depth>3</depth>
	</size>
	<segmented>0</segmented>
	<object>
		<name>tennis</name>
		<pose>Unspecified</pose>
		<truncated>0</truncated>
		<difficult>0</difficult>
		<bndbox>
			<xmin>36</xmin>
			<ymin>87</ymin>
			<xmax>55</xmax>
			<ymax>114</ymax>
		</bndbox>
	</object>
	<object>
		<name>tennis</name>
		<pose>Unspecified</pose>
		<truncated>0</truncated>
		<difficult>0</difficult>
		<bndbox>
			<xmin>115</xmin>
			<ymin>117</ymin>
			<xmax>140</xmax>
			<ymax>152</ymax>
		</bndbox>
	</object>
	<object>
		<name>tennis</name>
		<pose>Unspecified</pose>
		<truncated>0</truncated>
		<difficult>0</difficult>
		<bndbox>
			<xmin>162</xmin>
			<ymin>80</ymin>
			<xmax>178</xmax>
			<ymax>103</ymax>
		</bndbox>
	</object>
</annotation>
