<annotation>
	<folder>images</folder>
	<filename>3_108.jpg</filename>
	<path>D:\大学\大二下\工创\zt\images\3_108.jpg</path>
	<source>
		<database>Unknown</database>
	</source>
	<size>
		<width>224</width>
		<height>224</height>
		<depth>3</depth>
	</size>
	<segmented>0</segmented>
	<object>
		<name>tennis</name>
		<pose>Unspecified</pose>
		<truncated>0</truncated>
		<difficult>0</difficult>
		<bndbox>
			<xmin>130</xmin>
			<ymin>76</ymin>
			<xmax>146</xmax>
			<ymax>95</ymax>
		</bndbox>
	</object>
	<object>
		<name>tennis</name>
		<pose>Unspecified</pose>
		<truncated>0</truncated>
		<difficult>0</difficult>
		<bndbox>
			<xmin>191</xmin>
			<ymin>102</ymin>
			<xmax>213</xmax>
			<ymax>131</ymax>
		</bndbox>
	</object>
</annotation>
