<annotation>
	<folder>images</folder>
	<filename>3_107.jpg</filename>
	<path>D:\大学\大二下\工创\zt\images\3_107.jpg</path>
	<source>
		<database>Unknown</database>
	</source>
	<size>
		<width>224</width>
		<height>224</height>
		<depth>3</depth>
	</size>
	<segmented>0</segmented>
	<object>
		<name>tennis</name>
		<pose>Unspecified</pose>
		<truncated>0</truncated>
		<difficult>0</difficult>
		<bndbox>
			<xmin>102</xmin>
			<ymin>76</ymin>
			<xmax>118</xmax>
			<ymax>97</ymax>
		</bndbox>
	</object>
	<object>
		<name>tennis</name>
		<pose>Unspecified</pose>
		<truncated>0</truncated>
		<difficult>0</difficult>
		<bndbox>
			<xmin>166</xmin>
			<ymin>102</ymin>
			<xmax>187</xmax>
			<ymax>129</ymax>
		</bndbox>
	</object>
	<object>
		<name>tennis</name>
		<pose>Unspecified</pose>
		<truncated>1</truncated>
		<difficult>0</difficult>
		<bndbox>
			<xmin>216</xmin>
			<ymin>79</ymin>
			<xmax>224</xmax>
			<ymax>97</ymax>
		</bndbox>
	</object>
</annotation>
