<annotation>
	<folder>images</folder>
	<filename>3_100.jpg</filename>
	<path>D:\大学\大二下\工创\zt\images\3_100.jpg</path>
	<source>
		<database>Unknown</database>
	</source>
	<size>
		<width>224</width>
		<height>224</height>
		<depth>3</depth>
	</size>
	<segmented>0</segmented>
	<object>
		<name>tennis</name>
		<pose>Unspecified</pose>
		<truncated>0</truncated>
		<difficult>0</difficult>
		<bndbox>
			<xmin>31</xmin>
			<ymin>86</ymin>
			<xmax>51</xmax>
			<ymax>113</ymax>
		</bndbox>
	</object>
	<object>
		<name>tennis</name>
		<pose>Unspecified</pose>
		<truncated>0</truncated>
		<difficult>0</difficult>
		<bndbox>
			<xmin>114</xmin>
			<ymin>120</ymin>
			<xmax>139</xmax>
			<ymax>157</ymax>
		</bndbox>
	</object>
	<object>
		<name>tennis</name>
		<pose>Unspecified</pose>
		<truncated>0</truncated>
		<difficult>0</difficult>
		<bndbox>
			<xmin>163</xmin>
			<ymin>78</ymin>
			<xmax>180</xmax>
			<ymax>102</ymax>
		</bndbox>
	</object>
</annotation>
