<annotation>
	<folder>images</folder>
	<filename>3_119.jpg</filename>
	<path>D:\大学\大二下\工创\zt\images\3_119.jpg</path>
	<source>
		<database>Unknown</database>
	</source>
	<size>
		<width>224</width>
		<height>224</height>
		<depth>3</depth>
	</size>
	<segmented>0</segmented>
	<object>
		<name>tennis</name>
		<pose>Unspecified</pose>
		<truncated>0</truncated>
		<difficult>0</difficult>
		<bndbox>
			<xmin>18</xmin>
			<ymin>101</ymin>
			<xmax>42</xmax>
			<ymax>133</ymax>
		</bndbox>
	</object>
	<object>
		<name>tennis</name>
		<pose>Unspecified</pose>
		<truncated>0</truncated>
		<difficult>0</difficult>
		<bndbox>
			<xmin>64</xmin>
			<ymin>68</ymin>
			<xmax>78</xmax>
			<ymax>86</ymax>
		</bndbox>
	</object>
	<object>
		<name>tennis</name>
		<pose>Unspecified</pose>
		<truncated>0</truncated>
		<difficult>0</difficult>
		<bndbox>
			<xmin>104</xmin>
			<ymin>175</ymin>
			<xmax>142</xmax>
			<ymax>223</ymax>
		</bndbox>
	</object>
</annotation>
