<annotation>
	<folder>images</folder>
	<filename>3_117.jpg</filename>
	<path>D:\大学\大二下\工创\zt\images\3_117.jpg</path>
	<source>
		<database>Unknown</database>
	</source>
	<size>
		<width>224</width>
		<height>224</height>
		<depth>3</depth>
	</size>
	<segmented>0</segmented>
	<object>
		<name>tennis</name>
		<pose>Unspecified</pose>
		<truncated>0</truncated>
		<difficult>0</difficult>
		<bndbox>
			<xmin>94</xmin>
			<ymin>67</ymin>
			<xmax>107</xmax>
			<ymax>87</ymax>
		</bndbox>
	</object>
	<object>
		<name>tennis</name>
		<pose>Unspecified</pose>
		<truncated>0</truncated>
		<difficult>0</difficult>
		<bndbox>
			<xmin>51</xmin>
			<ymin>98</ymin>
			<xmax>73</xmax>
			<ymax>131</ymax>
		</bndbox>
	</object>
	<object>
		<name>tennis</name>
		<pose>Unspecified</pose>
		<truncated>1</truncated>
		<difficult>0</difficult>
		<bndbox>
			<xmin>129</xmin>
			<ymin>175</ymin>
			<xmax>166</xmax>
			<ymax>224</ymax>
		</bndbox>
	</object>
</annotation>
