<annotation>
	<folder>images</folder>
	<filename>3_116.jpg</filename>
	<path>D:\大学\大二下\工创\zt\images\3_116.jpg</path>
	<source>
		<database>Unknown</database>
	</source>
	<size>
		<width>224</width>
		<height>224</height>
		<depth>3</depth>
	</size>
	<segmented>0</segmented>
	<object>
		<name>tennis</name>
		<pose>Unspecified</pose>
		<truncated>0</truncated>
		<difficult>0</difficult>
		<bndbox>
			<xmin>62</xmin>
			<ymin>95</ymin>
			<xmax>84</xmax>
			<ymax>126</ymax>
		</bndbox>
	</object>
	<object>
		<name>tennis</name>
		<pose>Unspecified</pose>
		<truncated>0</truncated>
		<difficult>0</difficult>
		<bndbox>
			<xmin>105</xmin>
			<ymin>65</ymin>
			<xmax>118</xmax>
			<ymax>85</ymax>
		</bndbox>
	</object>
	<object>
		<name>tennis</name>
		<pose>Unspecified</pose>
		<truncated>0</truncated>
		<difficult>0</difficult>
		<bndbox>
			<xmin>134</xmin>
			<ymin>171</ymin>
			<xmax>174</xmax>
			<ymax>221</ymax>
		</bndbox>
	</object>
</annotation>
