<annotation>
	<folder>images</folder>
	<filename>3_112.jpg</filename>
	<path>D:\大学\大二下\工创\zt\images\3_112.jpg</path>
	<source>
		<database>Unknown</database>
	</source>
	<size>
		<width>224</width>
		<height>224</height>
		<depth>3</depth>
	</size>
	<segmented>0</segmented>
	<object>
		<name>tennis</name>
		<pose>Unspecified</pose>
		<truncated>0</truncated>
		<difficult>0</difficult>
		<bndbox>
			<xmin>127</xmin>
			<ymin>78</ymin>
			<xmax>143</xmax>
			<ymax>99</ymax>
		</bndbox>
	</object>
	<object>
		<name>tennis</name>
		<pose>Unspecified</pose>
		<truncated>0</truncated>
		<difficult>0</difficult>
		<bndbox>
			<xmin>187</xmin>
			<ymin>104</ymin>
			<xmax>207</xmax>
			<ymax>131</ymax>
		</bndbox>
	</object>
</annotation>
