<annotation>
	<folder>images</folder>
	<filename>3_111.jpg</filename>
	<path>D:\大学\大二下\工创\zt\images\3_111.jpg</path>
	<source>
		<database>Unknown</database>
	</source>
	<size>
		<width>224</width>
		<height>224</height>
		<depth>3</depth>
	</size>
	<segmented>0</segmented>
	<object>
		<name>tennis</name>
		<pose>Unspecified</pose>
		<truncated>0</truncated>
		<difficult>0</difficult>
		<bndbox>
			<xmin>135</xmin>
			<ymin>75</ymin>
			<xmax>151</xmax>
			<ymax>97</ymax>
		</bndbox>
	</object>
	<object>
		<name>tennis</name>
		<pose>Unspecified</pose>
		<truncated>0</truncated>
		<difficult>0</difficult>
		<bndbox>
			<xmin>195</xmin>
			<ymin>102</ymin>
			<xmax>215</xmax>
			<ymax>130</ymax>
		</bndbox>
	</object>
</annotation>
