<annotation>
	<folder>images</folder>
	<filename>3_122.jpg</filename>
	<path>D:\大学\大二下\工创\zt\images\3_122.jpg</path>
	<source>
		<database>Unknown</database>
	</source>
	<size>
		<width>224</width>
		<height>224</height>
		<depth>3</depth>
	</size>
	<segmented>0</segmented>
	<object>
		<name>tennis</name>
		<pose>Unspecified</pose>
		<truncated>0</truncated>
		<difficult>0</difficult>
		<bndbox>
			<xmin>7</xmin>
			<ymin>67</ymin>
			<xmax>24</xmax>
			<ymax>88</ymax>
		</bndbox>
	</object>
	<object>
		<name>tennis</name>
		<pose>Unspecified</pose>
		<truncated>1</truncated>
		<difficult>0</difficult>
		<bndbox>
			<xmin>65</xmin>
			<ymin>179</ymin>
			<xmax>106</xmax>
			<ymax>224</ymax>
		</bndbox>
	</object>
</annotation>
