<annotation>
	<folder>images</folder>
	<filename>3_123.jpg</filename>
	<path>D:\大学\大二下\工创\zt\images\3_123.jpg</path>
	<source>
		<database>Unknown</database>
	</source>
	<size>
		<width>224</width>
		<height>224</height>
		<depth>3</depth>
	</size>
	<segmented>0</segmented>
	<object>
		<name>tennis</name>
		<pose>Unspecified</pose>
		<truncated>1</truncated>
		<difficult>0</difficult>
		<bndbox>
			<xmin>1</xmin>
			<ymin>66</ymin>
			<xmax>13</xmax>
			<ymax>91</ymax>
		</bndbox>
	</object>
	<object>
		<name>tennis</name>
		<pose>Unspecified</pose>
		<truncated>1</truncated>
		<difficult>0</difficult>
		<bndbox>
			<xmin>56</xmin>
			<ymin>182</ymin>
			<xmax>97</xmax>
			<ymax>224</ymax>
		</bndbox>
	</object>
</annotation>
