<annotation>
	<folder>images</folder>
	<filename>3_120.jpg</filename>
	<path>D:\大学\大二下\工创\zt\images\3_120.jpg</path>
	<source>
		<database>Unknown</database>
	</source>
	<size>
		<width>224</width>
		<height>224</height>
		<depth>3</depth>
	</size>
	<segmented>0</segmented>
	<object>
		<name>tennis</name>
		<pose>Unspecified</pose>
		<truncated>0</truncated>
		<difficult>0</difficult>
		<bndbox>
			<xmin>54</xmin>
			<ymin>66</ymin>
			<xmax>68</xmax>
			<ymax>87</ymax>
		</bndbox>
	</object>
	<object>
		<name>tennis</name>
		<pose>Unspecified</pose>
		<truncated>0</truncated>
		<difficult>0</difficult>
		<bndbox>
			<xmin>8</xmin>
			<ymin>102</ymin>
			<xmax>34</xmax>
			<ymax>136</ymax>
		</bndbox>
	</object>
	<object>
		<name>tennis</name>
		<pose>Unspecified</pose>
		<truncated>1</truncated>
		<difficult>0</difficult>
		<bndbox>
			<xmin>98</xmin>
			<ymin>177</ymin>
			<xmax>136</xmax>
			<ymax>224</ymax>
		</bndbox>
	</object>
</annotation>
