<annotation>
	<folder>images</folder>
	<filename>3_124.jpg</filename>
	<path>D:\大学\大二下\工创\zt\images\3_124.jpg</path>
	<source>
		<database>Unknown</database>
	</source>
	<size>
		<width>224</width>
		<height>224</height>
		<depth>3</depth>
	</size>
	<segmented>0</segmented>
	<object>
		<name>tennis</name>
		<pose>Unspecified</pose>
		<truncated>1</truncated>
		<difficult>0</difficult>
		<bndbox>
			<xmin>37</xmin>
			<ymin>190</ymin>
			<xmax>79</xmax>
			<ymax>224</ymax>
		</bndbox>
	</object>
</annotation>
