<annotation>
	<folder>images</folder>
	<filename>3_121.jpg</filename>
	<path>D:\大学\大二下\工创\zt\images\3_121.jpg</path>
	<source>
		<database>Unknown</database>
	</source>
	<size>
		<width>224</width>
		<height>224</height>
		<depth>3</depth>
	</size>
	<segmented>0</segmented>
	<object>
		<name>tennis</name>
		<pose>Unspecified</pose>
		<truncated>0</truncated>
		<difficult>0</difficult>
		<bndbox>
			<xmin>22</xmin>
			<ymin>71</ymin>
			<xmax>37</xmax>
			<ymax>93</ymax>
		</bndbox>
	</object>
	<object>
		<name>tennis</name>
		<pose>Unspecified</pose>
		<truncated>1</truncated>
		<difficult>0</difficult>
		<bndbox>
			<xmin>77</xmin>
			<ymin>182</ymin>
			<xmax>114</xmax>
			<ymax>224</ymax>
		</bndbox>
	</object>
</annotation>
