<annotation>
	<folder>images</folder>
	<filename>3_150.jpg</filename>
	<path>D:\大学\大二下\工创\zt\images\3_150.jpg</path>
	<source>
		<database>Unknown</database>
	</source>
	<size>
		<width>224</width>
		<height>224</height>
		<depth>3</depth>
	</size>
	<segmented>0</segmented>
	<object>
		<name>tennis</name>
		<pose>Unspecified</pose>
		<truncated>0</truncated>
		<difficult>0</difficult>
		<bndbox>
			<xmin>4</xmin>
			<ymin>129</ymin>
			<xmax>31</xmax>
			<ymax>168</ymax>
		</bndbox>
	</object>
	<object>
		<name>tennis</name>
		<pose>Unspecified</pose>
		<truncated>0</truncated>
		<difficult>0</difficult>
		<bndbox>
			<xmin>76</xmin>
			<ymin>81</ymin>
			<xmax>93</xmax>
			<ymax>104</ymax>
		</bndbox>
	</object>
</annotation>
