<annotation>
	<folder>images</folder>
	<filename>4_1_110.jpg</filename>
	<path>D:\大学\大二下\工创\zt\images\4_1_110.jpg</path>
	<source>
		<database>Unknown</database>
	</source>
	<size>
		<width>224</width>
		<height>224</height>
		<depth>3</depth>
	</size>
	<segmented>0</segmented>
	<object>
		<name>tennis</name>
		<pose>Unspecified</pose>
		<truncated>0</truncated>
		<difficult>0</difficult>
		<bndbox>
			<xmin>103</xmin>
			<ymin>171</ymin>
			<xmax>137</xmax>
			<ymax>214</ymax>
		</bndbox>
	</object>
	<object>
		<name>tennis</name>
		<pose>Unspecified</pose>
		<truncated>1</truncated>
		<difficult>0</difficult>
		<bndbox>
			<xmin>208</xmin>
			<ymin>125</ymin>
			<xmax>224</xmax>
			<ymax>154</ymax>
		</bndbox>
	</object>
</annotation>
