<annotation>
	<folder>images</folder>
	<filename>4_1_009.jpg</filename>
	<path>D:\大学\大二下\工创\zt\images\4_1_009.jpg</path>
	<source>
		<database>Unknown</database>
	</source>
	<size>
		<width>224</width>
		<height>224</height>
		<depth>3</depth>
	</size>
	<segmented>0</segmented>
	<object>
		<name>tennis</name>
		<pose>Unspecified</pose>
		<truncated>0</truncated>
		<difficult>0</difficult>
		<bndbox>
			<xmin>75</xmin>
			<ymin>97</ymin>
			<xmax>91</xmax>
			<ymax>117</ymax>
		</bndbox>
	</object>
	<object>
		<name>tennis</name>
		<pose>Unspecified</pose>
		<truncated>0</truncated>
		<difficult>0</difficult>
		<bndbox>
			<xmin>138</xmin>
			<ymin>83</ymin>
			<xmax>151</xmax>
			<ymax>101</ymax>
		</bndbox>
	</object>
</annotation>
