<annotation>
	<folder>images</folder>
	<filename>4_1_089.jpg</filename>
	<path>D:\大学\大二下\工创\zt\images\4_1_089.jpg</path>
	<source>
		<database>Unknown</database>
	</source>
	<size>
		<width>224</width>
		<height>224</height>
		<depth>3</depth>
	</size>
	<segmented>0</segmented>
	<object>
		<name>tennis</name>
		<pose>Unspecified</pose>
		<truncated>0</truncated>
		<difficult>0</difficult>
		<bndbox>
			<xmin>44</xmin>
			<ymin>176</ymin>
			<xmax>81</xmax>
			<ymax>221</ymax>
		</bndbox>
	</object>
	<object>
		<name>tennis</name>
		<pose>Unspecified</pose>
		<truncated>0</truncated>
		<difficult>0</difficult>
		<bndbox>
			<xmin>155</xmin>
			<ymin>121</ymin>
			<xmax>177</xmax>
			<ymax>148</ymax>
		</bndbox>
	</object>
</annotation>
