<annotation>
	<folder>images</folder>
	<filename>4_1_004.jpg</filename>
	<path>D:\大学\大二下\工创\zt\images\4_1_004.jpg</path>
	<source>
		<database>Unknown</database>
	</source>
	<size>
		<width>224</width>
		<height>224</height>
		<depth>3</depth>
	</size>
	<segmented>0</segmented>
	<object>
		<name>tennis</name>
		<pose>Unspecified</pose>
		<truncated>0</truncated>
		<difficult>0</difficult>
		<bndbox>
			<xmin>69</xmin>
			<ymin>94</ymin>
			<xmax>83</xmax>
			<ymax>114</ymax>
		</bndbox>
	</object>
	<object>
		<name>tennis</name>
		<pose>Unspecified</pose>
		<truncated>0</truncated>
		<difficult>0</difficult>
		<bndbox>
			<xmin>133</xmin>
			<ymin>82</ymin>
			<xmax>145</xmax>
			<ymax>98</ymax>
		</bndbox>
	</object>
</annotation>
