<annotation>
	<folder>images</folder>
	<filename>4_1_011.jpg</filename>
	<path>D:\大学\大二下\工创\zt\images\4_1_011.jpg</path>
	<source>
		<database>Unknown</database>
	</source>
	<size>
		<width>224</width>
		<height>224</height>
		<depth>3</depth>
	</size>
	<segmented>0</segmented>
	<object>
		<name>tennis</name>
		<pose>Unspecified</pose>
		<truncated>0</truncated>
		<difficult>0</difficult>
		<bndbox>
			<xmin>92</xmin>
			<ymin>97</ymin>
			<xmax>109</xmax>
			<ymax>119</ymax>
		</bndbox>
	</object>
	<object>
		<name>tennis</name>
		<pose>Unspecified</pose>
		<truncated>0</truncated>
		<difficult>0</difficult>
		<bndbox>
			<xmin>158</xmin>
			<ymin>85</ymin>
			<xmax>171</xmax>
			<ymax>102</ymax>
		</bndbox>
	</object>
</annotation>
