<annotation>
	<folder>images</folder>
	<filename>4_1_036.jpg</filename>
	<path>D:\大学\大二下\工创\zt\images\4_1_036.jpg</path>
	<source>
		<database>Unknown</database>
	</source>
	<size>
		<width>224</width>
		<height>224</height>
		<depth>3</depth>
	</size>
	<segmented>0</segmented>
	<object>
		<name>tennis</name>
		<pose>Unspecified</pose>
		<truncated>0</truncated>
		<difficult>0</difficult>
		<bndbox>
			<xmin>95</xmin>
			<ymin>130</ymin>
			<xmax>119</xmax>
			<ymax>159</ymax>
		</bndbox>
	</object>
	<object>
		<name>tennis</name>
		<pose>Unspecified</pose>
		<truncated>0</truncated>
		<difficult>0</difficult>
		<bndbox>
			<xmin>193</xmin>
			<ymin>108</ymin>
			<xmax>213</xmax>
			<ymax>131</ymax>
		</bndbox>
	</object>
</annotation>
