<annotation>
	<folder>images</folder>
	<filename>4_1_052.jpg</filename>
	<path>D:\大学\大二下\工创\zt\images\4_1_052.jpg</path>
	<source>
		<database>Unknown</database>
	</source>
	<size>
		<width>224</width>
		<height>224</height>
		<depth>3</depth>
	</size>
	<segmented>0</segmented>
	<object>
		<name>tennis</name>
		<pose>Unspecified</pose>
		<truncated>0</truncated>
		<difficult>0</difficult>
		<bndbox>
			<xmin>52</xmin>
			<ymin>120</ymin>
			<xmax>77</xmax>
			<ymax>147</ymax>
		</bndbox>
	</object>
	<object>
		<name>tennis</name>
		<pose>Unspecified</pose>
		<truncated>0</truncated>
		<difficult>0</difficult>
		<bndbox>
			<xmin>140</xmin>
			<ymin>96</ymin>
			<xmax>157</xmax>
			<ymax>118</ymax>
		</bndbox>
	</object>
</annotation>
