<annotation>
	<folder>images</folder>
	<filename>4_1_016.jpg</filename>
	<path>D:\大学\大二下\工创\zt\images\4_1_016.jpg</path>
	<source>
		<database>Unknown</database>
	</source>
	<size>
		<width>224</width>
		<height>224</height>
		<depth>3</depth>
	</size>
	<segmented>0</segmented>
	<object>
		<name>tennis</name>
		<pose>Unspecified</pose>
		<truncated>0</truncated>
		<difficult>0</difficult>
		<bndbox>
			<xmin>117</xmin>
			<ymin>102</ymin>
			<xmax>134</xmax>
			<ymax>125</ymax>
		</bndbox>
	</object>
	<object>
		<name>tennis</name>
		<pose>Unspecified</pose>
		<truncated>0</truncated>
		<difficult>0</difficult>
		<bndbox>
			<xmin>188</xmin>
			<ymin>89</ymin>
			<xmax>203</xmax>
			<ymax>107</ymax>
		</bndbox>
	</object>
</annotation>
