<annotation>
	<folder>images</folder>
	<filename>4_1_057.jpg</filename>
	<path>D:\大学\大二下\工创\zt\images\4_1_057.jpg</path>
	<source>
		<database>Unknown</database>
	</source>
	<size>
		<width>224</width>
		<height>224</height>
		<depth>3</depth>
	</size>
	<segmented>0</segmented>
	<object>
		<name>tennis</name>
		<pose>Unspecified</pose>
		<truncated>0</truncated>
		<difficult>0</difficult>
		<bndbox>
			<xmin>71</xmin>
			<ymin>108</ymin>
			<xmax>92</xmax>
			<ymax>131</ymax>
		</bndbox>
	</object>
	<object>
		<name>tennis</name>
		<pose>Unspecified</pose>
		<truncated>0</truncated>
		<difficult>0</difficult>
		<bndbox>
			<xmin>148</xmin>
			<ymin>91</ymin>
			<xmax>163</xmax>
			<ymax>111</ymax>
		</bndbox>
	</object>
</annotation>
