<annotation>
	<folder>images</folder>
	<filename>4_1_046.jpg</filename>
	<path>D:\大学\大二下\工创\zt\images\4_1_046.jpg</path>
	<source>
		<database>Unknown</database>
	</source>
	<size>
		<width>224</width>
		<height>224</height>
		<depth>3</depth>
	</size>
	<segmented>0</segmented>
	<object>
		<name>tennis</name>
		<pose>Unspecified</pose>
		<truncated>0</truncated>
		<difficult>0</difficult>
		<bndbox>
			<xmin>106</xmin>
			<ymin>124</ymin>
			<xmax>130</xmax>
			<ymax>152</ymax>
		</bndbox>
	</object>
	<object>
		<name>tennis</name>
		<pose>Unspecified</pose>
		<truncated>0</truncated>
		<difficult>0</difficult>
		<bndbox>
			<xmin>201</xmin>
			<ymin>106</ymin>
			<xmax>220</xmax>
			<ymax>128</ymax>
		</bndbox>
	</object>
</annotation>
