<annotation>
	<folder>images</folder>
	<filename>5_0_089.jpg</filename>
	<path>D:\大学\大二下\工创\zt\images\5_0_089.jpg</path>
	<source>
		<database>Unknown</database>
	</source>
	<size>
		<width>224</width>
		<height>224</height>
		<depth>3</depth>
	</size>
	<segmented>0</segmented>
	<object>
		<name>tennis</name>
		<pose>Unspecified</pose>
		<truncated>0</truncated>
		<difficult>0</difficult>
		<bndbox>
			<xmin>66</xmin>
			<ymin>90</ymin>
			<xmax>83</xmax>
			<ymax>110</ymax>
		</bndbox>
	</object>
	<object>
		<name>tennis</name>
		<pose>Unspecified</pose>
		<truncated>0</truncated>
		<difficult>0</difficult>
		<bndbox>
			<xmin>146</xmin>
			<ymin>94</ymin>
			<xmax>164</xmax>
			<ymax>115</ymax>
		</bndbox>
	</object>
</annotation>
