<annotation>
	<folder>images</folder>
	<filename>5_0_023.jpg</filename>
	<path>D:\大学\大二下\工创\zt\images\5_0_023.jpg</path>
	<source>
		<database>Unknown</database>
	</source>
	<size>
		<width>224</width>
		<height>224</height>
		<depth>3</depth>
	</size>
	<segmented>0</segmented>
	<object>
		<name>tennis</name>
		<pose>Unspecified</pose>
		<truncated>0</truncated>
		<difficult>0</difficult>
		<bndbox>
			<xmin>55</xmin>
			<ymin>126</ymin>
			<xmax>79</xmax>
			<ymax>157</ymax>
		</bndbox>
	</object>
	<object>
		<name>tennis</name>
		<pose>Unspecified</pose>
		<truncated>0</truncated>
		<difficult>0</difficult>
		<bndbox>
			<xmin>186</xmin>
			<ymin>135</ymin>
			<xmax>212</xmax>
			<ymax>168</ymax>
		</bndbox>
	</object>
</annotation>
