<annotation>
	<folder>images</folder>
	<filename>5_0_014.jpg</filename>
	<path>D:\大学\大二下\工创\zt\images\5_0_014.jpg</path>
	<source>
		<database>Unknown</database>
	</source>
	<size>
		<width>224</width>
		<height>224</height>
		<depth>3</depth>
	</size>
	<segmented>0</segmented>
	<object>
		<name>tennis</name>
		<pose>Unspecified</pose>
		<truncated>0</truncated>
		<difficult>0</difficult>
		<bndbox>
			<xmin>53</xmin>
			<ymin>115</ymin>
			<xmax>71</xmax>
			<ymax>138</ymax>
		</bndbox>
	</object>
	<object>
		<name>tennis</name>
		<pose>Unspecified</pose>
		<truncated>0</truncated>
		<difficult>0</difficult>
		<bndbox>
			<xmin>157</xmin>
			<ymin>119</ymin>
			<xmax>175</xmax>
			<ymax>145</ymax>
		</bndbox>
	</object>
</annotation>
