<annotation>
	<folder>images</folder>
	<filename>5_0_050.jpg</filename>
	<path>D:\大学\大二下\工创\zt\images\5_0_050.jpg</path>
	<source>
		<database>Unknown</database>
	</source>
	<size>
		<width>224</width>
		<height>224</height>
		<depth>3</depth>
	</size>
	<segmented>0</segmented>
	<object>
		<name>tennis</name>
		<pose>Unspecified</pose>
		<truncated>0</truncated>
		<difficult>0</difficult>
		<bndbox>
			<xmin>159</xmin>
			<ymin>160</ymin>
			<xmax>192</xmax>
			<ymax>200</ymax>
		</bndbox>
	</object>
</annotation>
