<annotation>
	<folder>images</folder>
	<filename>5_0_077.jpg</filename>
	<path>D:\大学\大二下\工创\zt\images\5_0_077.jpg</path>
	<source>
		<database>Unknown</database>
	</source>
	<size>
		<width>224</width>
		<height>224</height>
		<depth>3</depth>
	</size>
	<segmented>0</segmented>
	<object>
		<name>tennis</name>
		<pose>Unspecified</pose>
		<truncated>0</truncated>
		<difficult>0</difficult>
		<bndbox>
			<xmin>82</xmin>
			<ymin>103</ymin>
			<xmax>100</xmax>
			<ymax>125</ymax>
		</bndbox>
	</object>
	<object>
		<name>tennis</name>
		<pose>Unspecified</pose>
		<truncated>0</truncated>
		<difficult>0</difficult>
		<bndbox>
			<xmin>176</xmin>
			<ymin>110</ymin>
			<xmax>196</xmax>
			<ymax>135</ymax>
		</bndbox>
	</object>
</annotation>
