<annotation>
	<folder>images</folder>
	<filename>5_0_085.jpg</filename>
	<path>D:\大学\大二下\工创\zt\images\5_0_085.jpg</path>
	<source>
		<database>Unknown</database>
	</source>
	<size>
		<width>224</width>
		<height>224</height>
		<depth>3</depth>
	</size>
	<segmented>0</segmented>
	<object>
		<name>tennis</name>
		<pose>Unspecified</pose>
		<truncated>0</truncated>
		<difficult>0</difficult>
		<bndbox>
			<xmin>21</xmin>
			<ymin>96</ymin>
			<xmax>41</xmax>
			<ymax>118</ymax>
		</bndbox>
	</object>
	<object>
		<name>tennis</name>
		<pose>Unspecified</pose>
		<truncated>0</truncated>
		<difficult>0</difficult>
		<bndbox>
			<xmin>111</xmin>
			<ymin>97</ymin>
			<xmax>128</xmax>
			<ymax>119</ymax>
		</bndbox>
	</object>
</annotation>
