<annotation>
	<folder>images</folder>
	<filename>5_0_103.jpg</filename>
	<path>D:\大学\大二下\工创\zt\images\5_0_103.jpg</path>
	<source>
		<database>Unknown</database>
	</source>
	<size>
		<width>224</width>
		<height>224</height>
		<depth>3</depth>
	</size>
	<segmented>0</segmented>
	<object>
		<name>tennis</name>
		<pose>Unspecified</pose>
		<truncated>0</truncated>
		<difficult>0</difficult>
		<bndbox>
			<xmin>72</xmin>
			<ymin>88</ymin>
			<xmax>87</xmax>
			<ymax>106</ymax>
		</bndbox>
	</object>
	<object>
		<name>tennis</name>
		<pose>Unspecified</pose>
		<truncated>0</truncated>
		<difficult>0</difficult>
		<bndbox>
			<xmin>149</xmin>
			<ymin>92</ymin>
			<xmax>164</xmax>
			<ymax>112</ymax>
		</bndbox>
	</object>
</annotation>
