<annotation>
	<folder>images</folder>
	<filename>5_1_004.jpg</filename>
	<path>D:\大学\大二下\工创\zt\images\5_1_004.jpg</path>
	<source>
		<database>Unknown</database>
	</source>
	<size>
		<width>224</width>
		<height>224</height>
		<depth>3</depth>
	</size>
	<segmented>0</segmented>
	<object>
		<name>tennis</name>
		<pose>Unspecified</pose>
		<truncated>0</truncated>
		<difficult>0</difficult>
		<bndbox>
			<xmin>65</xmin>
			<ymin>93</ymin>
			<xmax>81</xmax>
			<ymax>116</ymax>
		</bndbox>
	</object>
	<object>
		<name>tennis</name>
		<pose>Unspecified</pose>
		<truncated>0</truncated>
		<difficult>0</difficult>
		<bndbox>
			<xmin>172</xmin>
			<ymin>101</ymin>
			<xmax>186</xmax>
			<ymax>120</ymax>
		</bndbox>
	</object>
	<object>
		<name>tennis</name>
		<pose>Unspecified</pose>
		<truncated>0</truncated>
		<difficult>0</difficult>
		<bndbox>
			<xmin>141</xmin>
			<ymin>117</ymin>
			<xmax>161</xmax>
			<ymax>143</ymax>
		</bndbox>
	</object>
</annotation>
