<annotation>
	<folder>images</folder>
	<filename>5_1_019.jpg</filename>
	<path>D:\大学\大二下\工创\zt\images\5_1_019.jpg</path>
	<source>
		<database>Unknown</database>
	</source>
	<size>
		<width>224</width>
		<height>224</height>
		<depth>3</depth>
	</size>
	<segmented>0</segmented>
	<object>
		<name>tennis</name>
		<pose>Unspecified</pose>
		<truncated>0</truncated>
		<difficult>0</difficult>
		<bndbox>
			<xmin>70</xmin>
			<ymin>84</ymin>
			<xmax>83</xmax>
			<ymax>103</ymax>
		</bndbox>
	</object>
	<object>
		<name>tennis</name>
		<pose>Unspecified</pose>
		<truncated>0</truncated>
		<difficult>0</difficult>
		<bndbox>
			<xmin>136</xmin>
			<ymin>103</ymin>
			<xmax>153</xmax>
			<ymax>126</ymax>
		</bndbox>
	</object>
</annotation>
