<annotation>
	<folder>images</folder>
	<filename>5_1_005.jpg</filename>
	<path>D:\大学\大二下\工创\zt\images\5_1_005.jpg</path>
	<source>
		<database>Unknown</database>
	</source>
	<size>
		<width>224</width>
		<height>224</height>
		<depth>3</depth>
	</size>
	<segmented>0</segmented>
	<object>
		<name>tennis</name>
		<pose>Unspecified</pose>
		<truncated>0</truncated>
		<difficult>0</difficult>
		<bndbox>
			<xmin>73</xmin>
			<ymin>90</ymin>
			<xmax>89</xmax>
			<ymax>110</ymax>
		</bndbox>
	</object>
	<object>
		<name>tennis</name>
		<pose>Unspecified</pose>
		<truncated>0</truncated>
		<difficult>0</difficult>
		<bndbox>
			<xmin>177</xmin>
			<ymin>97</ymin>
			<xmax>195</xmax>
			<ymax>118</ymax>
		</bndbox>
	</object>
	<object>
		<name>tennis</name>
		<pose>Unspecified</pose>
		<truncated>0</truncated>
		<difficult>0</difficult>
		<bndbox>
			<xmin>146</xmin>
			<ymin>115</ymin>
			<xmax>168</xmax>
			<ymax>140</ymax>
		</bndbox>
	</object>
</annotation>
