<annotation>
	<folder>images</folder>
	<filename>5_1_027.jpg</filename>
	<path>D:\大学\大二下\工创\zt\images\5_1_027.jpg</path>
	<source>
		<database>Unknown</database>
	</source>
	<size>
		<width>224</width>
		<height>224</height>
		<depth>3</depth>
	</size>
	<segmented>0</segmented>
	<object>
		<name>tennis</name>
		<pose>Unspecified</pose>
		<truncated>0</truncated>
		<difficult>0</difficult>
		<bndbox>
			<xmin>65</xmin>
			<ymin>95</ymin>
			<xmax>81</xmax>
			<ymax>116</ymax>
		</bndbox>
	</object>
	<object>
		<name>tennis</name>
		<pose>Unspecified</pose>
		<truncated>0</truncated>
		<difficult>0</difficult>
		<bndbox>
			<xmin>171</xmin>
			<ymin>102</ymin>
			<xmax>186</xmax>
			<ymax>122</ymax>
		</bndbox>
	</object>
	<object>
		<name>tennis</name>
		<pose>Unspecified</pose>
		<truncated>0</truncated>
		<difficult>0</difficult>
		<bndbox>
			<xmin>139</xmin>
			<ymin>119</ymin>
			<xmax>160</xmax>
			<ymax>145</ymax>
		</bndbox>
	</object>
</annotation>
