<annotation>
	<folder>images</folder>
	<filename>5_1_029.jpg</filename>
	<path>D:\大学\大二下\工创\zt\images\5_1_029.jpg</path>
	<source>
		<database>Unknown</database>
	</source>
	<size>
		<width>224</width>
		<height>224</height>
		<depth>3</depth>
	</size>
	<segmented>0</segmented>
	<object>
		<name>tennis</name>
		<pose>Unspecified</pose>
		<truncated>0</truncated>
		<difficult>0</difficult>
		<bndbox>
			<xmin>72</xmin>
			<ymin>95</ymin>
			<xmax>86</xmax>
			<ymax>115</ymax>
		</bndbox>
	</object>
	<object>
		<name>tennis</name>
		<pose>Unspecified</pose>
		<truncated>0</truncated>
		<difficult>0</difficult>
		<bndbox>
			<xmin>180</xmin>
			<ymin>102</ymin>
			<xmax>195</xmax>
			<ymax>124</ymax>
		</bndbox>
	</object>
	<object>
		<name>tennis</name>
		<pose>Unspecified</pose>
		<truncated>0</truncated>
		<difficult>0</difficult>
		<bndbox>
			<xmin>147</xmin>
			<ymin>121</ymin>
			<xmax>168</xmax>
			<ymax>148</ymax>
		</bndbox>
	</object>
</annotation>
