<annotation>
	<folder>images</folder>
	<filename>5_1_002.jpg</filename>
	<path>D:\大学\大二下\工创\zt\images\5_1_002.jpg</path>
	<source>
		<database>Unknown</database>
	</source>
	<size>
		<width>224</width>
		<height>224</height>
		<depth>3</depth>
	</size>
	<segmented>0</segmented>
	<object>
		<name>tennis</name>
		<pose>Unspecified</pose>
		<truncated>0</truncated>
		<difficult>0</difficult>
		<bndbox>
			<xmin>38</xmin>
			<ymin>92</ymin>
			<xmax>53</xmax>
			<ymax>115</ymax>
		</bndbox>
	</object>
	<object>
		<name>tennis</name>
		<pose>Unspecified</pose>
		<truncated>0</truncated>
		<difficult>0</difficult>
		<bndbox>
			<xmin>145</xmin>
			<ymin>95</ymin>
			<xmax>159</xmax>
			<ymax>118</ymax>
		</bndbox>
	</object>
	<object>
		<name>tennis</name>
		<pose>Unspecified</pose>
		<truncated>0</truncated>
		<difficult>0</difficult>
		<bndbox>
			<xmin>116</xmin>
			<ymin>114</ymin>
			<xmax>137</xmax>
			<ymax>141</ymax>
		</bndbox>
	</object>
</annotation>
