<annotation>
	<folder>images</folder>
	<filename>5_1_024.jpg</filename>
	<path>D:\大学\大二下\工创\zt\images\5_1_024.jpg</path>
	<source>
		<database>Unknown</database>
	</source>
	<size>
		<width>224</width>
		<height>224</height>
		<depth>3</depth>
	</size>
	<segmented>0</segmented>
	<object>
		<name>tennis</name>
		<pose>Unspecified</pose>
		<truncated>0</truncated>
		<difficult>0</difficult>
		<bndbox>
			<xmin>62</xmin>
			<ymin>92</ymin>
			<xmax>75</xmax>
			<ymax>112</ymax>
		</bndbox>
	</object>
	<object>
		<name>tennis</name>
		<pose>Unspecified</pose>
		<truncated>0</truncated>
		<difficult>0</difficult>
		<bndbox>
			<xmin>134</xmin>
			<ymin>114</ymin>
			<xmax>153</xmax>
			<ymax>140</ymax>
		</bndbox>
	</object>
	<object>
		<name>tennis</name>
		<pose>Unspecified</pose>
		<truncated>0</truncated>
		<difficult>0</difficult>
		<bndbox>
			<xmin>164</xmin>
			<ymin>98</ymin>
			<xmax>177</xmax>
			<ymax>118</ymax>
		</bndbox>
	</object>
</annotation>
