<annotation>
	<folder>images</folder>
	<filename>5_1_009.jpg</filename>
	<path>D:\大学\大二下\工创\zt\images\5_1_009.jpg</path>
	<source>
		<database>Unknown</database>
	</source>
	<size>
		<width>224</width>
		<height>224</height>
		<depth>3</depth>
	</size>
	<segmented>0</segmented>
	<object>
		<name>tennis</name>
		<pose>Unspecified</pose>
		<truncated>0</truncated>
		<difficult>0</difficult>
		<bndbox>
			<xmin>92</xmin>
			<ymin>83</ymin>
			<xmax>104</xmax>
			<ymax>105</ymax>
		</bndbox>
	</object>
	<object>
		<name>tennis</name>
		<pose>Unspecified</pose>
		<truncated>0</truncated>
		<difficult>0</difficult>
		<bndbox>
			<xmin>154</xmin>
			<ymin>106</ymin>
			<xmax>179</xmax>
			<ymax>131</ymax>
		</bndbox>
	</object>
	<object>
		<name>tennis</name>
		<pose>Unspecified</pose>
		<truncated>0</truncated>
		<difficult>0</difficult>
		<bndbox>
			<xmin>190</xmin>
			<ymin>95</ymin>
			<xmax>204</xmax>
			<ymax>113</ymax>
		</bndbox>
	</object>
</annotation>
