<annotation>
	<folder>images</folder>
	<filename>5_1_017.jpg</filename>
	<path>D:\大学\大二下\工创\zt\images\5_1_017.jpg</path>
	<source>
		<database>Unknown</database>
	</source>
	<size>
		<width>224</width>
		<height>224</height>
		<depth>3</depth>
	</size>
	<segmented>0</segmented>
	<object>
		<name>tennis</name>
		<pose>Unspecified</pose>
		<truncated>0</truncated>
		<difficult>0</difficult>
		<bndbox>
			<xmin>81</xmin>
			<ymin>85</ymin>
			<xmax>94</xmax>
			<ymax>106</ymax>
		</bndbox>
	</object>
	<object>
		<name>tennis</name>
		<pose>Unspecified</pose>
		<truncated>0</truncated>
		<difficult>0</difficult>
		<bndbox>
			<xmin>145</xmin>
			<ymin>105</ymin>
			<xmax>163</xmax>
			<ymax>128</ymax>
		</bndbox>
	</object>
	<object>
		<name>tennis</name>
		<pose>Unspecified</pose>
		<truncated>0</truncated>
		<difficult>0</difficult>
		<bndbox>
			<xmin>173</xmin>
			<ymin>93</ymin>
			<xmax>186</xmax>
			<ymax>112</ymax>
		</bndbox>
	</object>
</annotation>
