<annotation>
	<folder>images</folder>
	<filename>5_1_001.jpg</filename>
	<path>D:\大学\大二下\工创\zt\images\5_1_001.jpg</path>
	<source>
		<database>Unknown</database>
	</source>
	<size>
		<width>224</width>
		<height>224</height>
		<depth>3</depth>
	</size>
	<segmented>0</segmented>
	<object>
		<name>tennis</name>
		<pose>Unspecified</pose>
		<truncated>0</truncated>
		<difficult>0</difficult>
		<bndbox>
			<xmin>30</xmin>
			<ymin>92</ymin>
			<xmax>46</xmax>
			<ymax>113</ymax>
		</bndbox>
	</object>
	<object>
		<name>tennis</name>
		<pose>Unspecified</pose>
		<truncated>0</truncated>
		<difficult>0</difficult>
		<bndbox>
			<xmin>112</xmin>
			<ymin>113</ymin>
			<xmax>129</xmax>
			<ymax>138</ymax>
		</bndbox>
	</object>
	<object>
		<name>tennis</name>
		<pose>Unspecified</pose>
		<truncated>0</truncated>
		<difficult>0</difficult>
		<bndbox>
			<xmin>139</xmin>
			<ymin>95</ymin>
			<xmax>152</xmax>
			<ymax>114</ymax>
		</bndbox>
	</object>
</annotation>
