<annotation>
	<folder>images</folder>
	<filename>5_1_032.jpg</filename>
	<path>D:\大学\大二下\工创\zt\images\5_1_032.jpg</path>
	<source>
		<database>Unknown</database>
	</source>
	<size>
		<width>224</width>
		<height>224</height>
		<depth>3</depth>
	</size>
	<segmented>0</segmented>
	<object>
		<name>tennis</name>
		<pose>Unspecified</pose>
		<truncated>0</truncated>
		<difficult>0</difficult>
		<bndbox>
			<xmin>82</xmin>
			<ymin>102</ymin>
			<xmax>97</xmax>
			<ymax>123</ymax>
		</bndbox>
	</object>
	<object>
		<name>tennis</name>
		<pose>Unspecified</pose>
		<truncated>0</truncated>
		<difficult>0</difficult>
		<bndbox>
			<xmin>198</xmin>
			<ymin>111</ymin>
			<xmax>215</xmax>
			<ymax>134</ymax>
		</bndbox>
	</object>
	<object>
		<name>tennis</name>
		<pose>Unspecified</pose>
		<truncated>0</truncated>
		<difficult>0</difficult>
		<bndbox>
			<xmin>162</xmin>
			<ymin>133</ymin>
			<xmax>186</xmax>
			<ymax>161</ymax>
		</bndbox>
	</object>
</annotation>
