<annotation>
	<folder>images</folder>
	<filename>5_1_012.jpg</filename>
	<path>D:\大学\大二下\工创\zt\images\5_1_012.jpg</path>
	<source>
		<database>Unknown</database>
	</source>
	<size>
		<width>224</width>
		<height>224</height>
		<depth>3</depth>
	</size>
	<segmented>0</segmented>
	<object>
		<name>tennis</name>
		<pose>Unspecified</pose>
		<truncated>0</truncated>
		<difficult>0</difficult>
		<bndbox>
			<xmin>87</xmin>
			<ymin>85</ymin>
			<xmax>99</xmax>
			<ymax>105</ymax>
		</bndbox>
	</object>
	<object>
		<name>tennis</name>
		<pose>Unspecified</pose>
		<truncated>0</truncated>
		<difficult>0</difficult>
		<bndbox>
			<xmin>154</xmin>
			<ymin>105</ymin>
			<xmax>170</xmax>
			<ymax>127</ymax>
		</bndbox>
	</object>
	<object>
		<name>tennis</name>
		<pose>Unspecified</pose>
		<truncated>0</truncated>
		<difficult>0</difficult>
		<bndbox>
			<xmin>179</xmin>
			<ymin>92</ymin>
			<xmax>194</xmax>
			<ymax>112</ymax>
		</bndbox>
	</object>
</annotation>
