<annotation>
	<folder>images</folder>
	<filename>5_1_013.jpg</filename>
	<path>D:\大学\大二下\工创\zt\images\5_1_013.jpg</path>
	<source>
		<database>Unknown</database>
	</source>
	<size>
		<width>224</width>
		<height>224</height>
		<depth>3</depth>
	</size>
	<segmented>0</segmented>
	<object>
		<name>tennis</name>
		<pose>Unspecified</pose>
		<truncated>0</truncated>
		<difficult>0</difficult>
		<bndbox>
			<xmin>86</xmin>
			<ymin>84</ymin>
			<xmax>99</xmax>
			<ymax>105</ymax>
		</bndbox>
	</object>
	<object>
		<name>tennis</name>
		<pose>Unspecified</pose>
		<truncated>0</truncated>
		<difficult>0</difficult>
		<bndbox>
			<xmin>152</xmin>
			<ymin>106</ymin>
			<xmax>168</xmax>
			<ymax>130</ymax>
		</bndbox>
	</object>
	<object>
		<name>tennis</name>
		<pose>Unspecified</pose>
		<truncated>0</truncated>
		<difficult>0</difficult>
		<bndbox>
			<xmin>180</xmin>
			<ymin>93</ymin>
			<xmax>191</xmax>
			<ymax>113</ymax>
		</bndbox>
	</object>
</annotation>
