<annotation>
	<folder>images</folder>
	<filename>5_1_003.jpg</filename>
	<path>D:\大学\大二下\工创\zt\images\5_1_003.jpg</path>
	<source>
		<database>Unknown</database>
	</source>
	<size>
		<width>224</width>
		<height>224</height>
		<depth>3</depth>
	</size>
	<segmented>0</segmented>
	<object>
		<name>tennis</name>
		<pose>Unspecified</pose>
		<truncated>0</truncated>
		<difficult>0</difficult>
		<bndbox>
			<xmin>46</xmin>
			<ymin>93</ymin>
			<xmax>62</xmax>
			<ymax>116</ymax>
		</bndbox>
	</object>
	<object>
		<name>tennis</name>
		<pose>Unspecified</pose>
		<truncated>0</truncated>
		<difficult>0</difficult>
		<bndbox>
			<xmin>123</xmin>
			<ymin>116</ymin>
			<xmax>144</xmax>
			<ymax>142</ymax>
		</bndbox>
	</object>
	<object>
		<name>tennis</name>
		<pose>Unspecified</pose>
		<truncated>0</truncated>
		<difficult>0</difficult>
		<bndbox>
			<xmin>152</xmin>
			<ymin>97</ymin>
			<xmax>169</xmax>
			<ymax>120</ymax>
		</bndbox>
	</object>
</annotation>
