<annotation>
	<folder>images</folder>
	<filename>5_1_030.jpg</filename>
	<path>D:\大学\大二下\工创\zt\images\5_1_030.jpg</path>
	<source>
		<database>Unknown</database>
	</source>
	<size>
		<width>224</width>
		<height>224</height>
		<depth>3</depth>
	</size>
	<segmented>0</segmented>
	<object>
		<name>tennis</name>
		<pose>Unspecified</pose>
		<truncated>0</truncated>
		<difficult>0</difficult>
		<bndbox>
			<xmin>74</xmin>
			<ymin>96</ymin>
			<xmax>91</xmax>
			<ymax>118</ymax>
		</bndbox>
	</object>
	<object>
		<name>tennis</name>
		<pose>Unspecified</pose>
		<truncated>0</truncated>
		<difficult>0</difficult>
		<bndbox>
			<xmin>150</xmin>
			<ymin>122</ymin>
			<xmax>175</xmax>
			<ymax>152</ymax>
		</bndbox>
	</object>
	<object>
		<name>tennis</name>
		<pose>Unspecified</pose>
		<truncated>0</truncated>
		<difficult>0</difficult>
		<bndbox>
			<xmin>184</xmin>
			<ymin>103</ymin>
			<xmax>203</xmax>
			<ymax>127</ymax>
		</bndbox>
	</object>
</annotation>
