<annotation>
	<folder>images</folder>
	<filename>5_1_023.jpg</filename>
	<path>D:\大学\大二下\工创\zt\images\5_1_023.jpg</path>
	<source>
		<database>Unknown</database>
	</source>
	<size>
		<width>224</width>
		<height>224</height>
		<depth>3</depth>
	</size>
	<segmented>0</segmented>
	<object>
		<name>tennis</name>
		<pose>Unspecified</pose>
		<truncated>0</truncated>
		<difficult>0</difficult>
		<bndbox>
			<xmin>65</xmin>
			<ymin>91</ymin>
			<xmax>77</xmax>
			<ymax>109</ymax>
		</bndbox>
	</object>
	<object>
		<name>tennis</name>
		<pose>Unspecified</pose>
		<truncated>0</truncated>
		<difficult>0</difficult>
		<bndbox>
			<xmin>135</xmin>
			<ymin>111</ymin>
			<xmax>152</xmax>
			<ymax>135</ymax>
		</bndbox>
	</object>
	<object>
		<name>tennis</name>
		<pose>Unspecified</pose>
		<truncated>0</truncated>
		<difficult>0</difficult>
		<bndbox>
			<xmin>164</xmin>
			<ymin>97</ymin>
			<xmax>175</xmax>
			<ymax>115</ymax>
		</bndbox>
	</object>
</annotation>
