<annotation>
	<folder>images</folder>
	<filename>5_1_014.jpg</filename>
	<path>D:\大学\大二下\工创\zt\images\5_1_014.jpg</path>
	<source>
		<database>Unknown</database>
	</source>
	<size>
		<width>224</width>
		<height>224</height>
		<depth>3</depth>
	</size>
	<segmented>0</segmented>
	<object>
		<name>tennis</name>
		<pose>Unspecified</pose>
		<truncated>0</truncated>
		<difficult>0</difficult>
		<bndbox>
			<xmin>85</xmin>
			<ymin>84</ymin>
			<xmax>98</xmax>
			<ymax>104</ymax>
		</bndbox>
	</object>
	<object>
		<name>tennis</name>
		<pose>Unspecified</pose>
		<truncated>0</truncated>
		<difficult>0</difficult>
		<bndbox>
			<xmin>151</xmin>
			<ymin>105</ymin>
			<xmax>166</xmax>
			<ymax>125</ymax>
		</bndbox>
	</object>
	<object>
		<name>tennis</name>
		<pose>Unspecified</pose>
		<truncated>0</truncated>
		<difficult>0</difficult>
		<bndbox>
			<xmin>178</xmin>
			<ymin>92</ymin>
			<xmax>189</xmax>
			<ymax>109</ymax>
		</bndbox>
	</object>
</annotation>
