<annotation>
	<folder>images</folder>
	<filename>5_1_025.jpg</filename>
	<path>D:\大学\大二下\工创\zt\images\5_1_025.jpg</path>
	<source>
		<database>Unknown</database>
	</source>
	<size>
		<width>224</width>
		<height>224</height>
		<depth>3</depth>
	</size>
	<segmented>0</segmented>
	<object>
		<name>tennis</name>
		<pose>Unspecified</pose>
		<truncated>0</truncated>
		<difficult>0</difficult>
		<bndbox>
			<xmin>63</xmin>
			<ymin>88</ymin>
			<xmax>76</xmax>
			<ymax>109</ymax>
		</bndbox>
	</object>
	<object>
		<name>tennis</name>
		<pose>Unspecified</pose>
		<truncated>0</truncated>
		<difficult>0</difficult>
		<bndbox>
			<xmin>133</xmin>
			<ymin>109</ymin>
			<xmax>155</xmax>
			<ymax>136</ymax>
		</bndbox>
	</object>
	<object>
		<name>tennis</name>
		<pose>Unspecified</pose>
		<truncated>0</truncated>
		<difficult>0</difficult>
		<bndbox>
			<xmin>165</xmin>
			<ymin>94</ymin>
			<xmax>180</xmax>
			<ymax>112</ymax>
		</bndbox>
	</object>
</annotation>
