<annotation>
	<folder>images</folder>
	<filename>5_1_037.jpg</filename>
	<path>D:\大学\大二下\工创\zt\images\5_1_037.jpg</path>
	<source>
		<database>Unknown</database>
	</source>
	<size>
		<width>224</width>
		<height>224</height>
		<depth>3</depth>
	</size>
	<segmented>0</segmented>
	<object>
		<name>tennis</name>
		<pose>Unspecified</pose>
		<truncated>0</truncated>
		<difficult>0</difficult>
		<bndbox>
			<xmin>44</xmin>
			<ymin>106</ymin>
			<xmax>63</xmax>
			<ymax>131</ymax>
		</bndbox>
	</object>
	<object>
		<name>tennis</name>
		<pose>Unspecified</pose>
		<truncated>0</truncated>
		<difficult>0</difficult>
		<bndbox>
			<xmin>175</xmin>
			<ymin>112</ymin>
			<xmax>195</xmax>
			<ymax>141</ymax>
		</bndbox>
	</object>
	<object>
		<name>tennis</name>
		<pose>Unspecified</pose>
		<truncated>0</truncated>
		<difficult>0</difficult>
		<bndbox>
			<xmin>139</xmin>
			<ymin>143</ymin>
			<xmax>169</xmax>
			<ymax>179</ymax>
		</bndbox>
	</object>
</annotation>
