<annotation>
	<folder>images</folder>
	<filename>1_006.jpg</filename>
	<path>E:\Datasets\new_tennis\lyx\images\1_006.jpg</path>
	<source>
		<database>Unknown</database>
	</source>
	<size>
		<width>224</width>
		<height>224</height>
		<depth>3</depth>
	</size>
	<segmented>0</segmented>
	<object>
		<name>tennis</name>
		<pose>Unspecified</pose>
		<truncated>0</truncated>
		<difficult>0</difficult>
		<bndbox>
			<xmin>83</xmin>
			<ymin>65</ymin>
			<xmax>97</xmax>
			<ymax>81</ymax>
		</bndbox>
	</object>
	<object>
		<name>tennis</name>
		<pose>Unspecified</pose>
		<truncated>0</truncated>
		<difficult>0</difficult>
		<bndbox>
			<xmin>149</xmin>
			<ymin>53</ymin>
			<xmax>158</xmax>
			<ymax>65</ymax>
		</bndbox>
	</object>
</annotation>
