<annotation>
	<folder>images</folder>
	<filename>1_008.jpg</filename>
	<path>E:\Datasets\new_tennis\lyx\images\1_008.jpg</path>
	<source>
		<database>Unknown</database>
	</source>
	<size>
		<width>224</width>
		<height>224</height>
		<depth>3</depth>
	</size>
	<segmented>0</segmented>
	<object>
		<name>tennis</name>
		<pose>Unspecified</pose>
		<truncated>0</truncated>
		<difficult>0</difficult>
		<bndbox>
			<xmin>83</xmin>
			<ymin>62</ymin>
			<xmax>97</xmax>
			<ymax>77</ymax>
		</bndbox>
	</object>
	<object>
		<name>tennis</name>
		<pose>Unspecified</pose>
		<truncated>0</truncated>
		<difficult>0</difficult>
		<bndbox>
			<xmin>148</xmin>
			<ymin>49</ymin>
			<xmax>158</xmax>
			<ymax>60</ymax>
		</bndbox>
	</object>
</annotation>
