<annotation>
	<folder>images</folder>
	<filename>1_001.jpg</filename>
	<path>E:\Datasets\new_tennis\lyx\images\1_001.jpg</path>
	<source>
		<database>Unknown</database>
	</source>
	<size>
		<width>224</width>
		<height>224</height>
		<depth>3</depth>
	</size>
	<segmented>0</segmented>
	<object>
		<name>tennis</name>
		<pose>Unspecified</pose>
		<truncated>0</truncated>
		<difficult>0</difficult>
		<bndbox>
			<xmin>83</xmin>
			<ymin>66</ymin>
			<xmax>96</xmax>
			<ymax>82</ymax>
		</bndbox>
	</object>
	<object>
		<name>tennis</name>
		<pose>Unspecified</pose>
		<truncated>0</truncated>
		<difficult>0</difficult>
		<bndbox>
			<xmin>148</xmin>
			<ymin>53</ymin>
			<xmax>159</xmax>
			<ymax>67</ymax>
		</bndbox>
	</object>
</annotation>
