<annotation>
	<folder>images</folder>
	<filename>1_011.jpg</filename>
	<path>E:\Datasets\new_tennis\lyx\images\1_011.jpg</path>
	<source>
		<database>Unknown</database>
	</source>
	<size>
		<width>224</width>
		<height>224</height>
		<depth>3</depth>
	</size>
	<segmented>0</segmented>
	<object>
		<name>tennis</name>
		<pose>Unspecified</pose>
		<truncated>0</truncated>
		<difficult>0</difficult>
		<bndbox>
			<xmin>86</xmin>
			<ymin>64</ymin>
			<xmax>99</xmax>
			<ymax>80</ymax>
		</bndbox>
	</object>
	<object>
		<name>tennis</name>
		<pose>Unspecified</pose>
		<truncated>0</truncated>
		<difficult>0</difficult>
		<bndbox>
			<xmin>150</xmin>
			<ymin>51</ymin>
			<xmax>160</xmax>
			<ymax>62</ymax>
		</bndbox>
	</object>
</annotation>
