<annotation>
	<folder>images</folder>
	<filename>1_015.jpg</filename>
	<path>E:\Datasets\new_tennis\lyx\images\1_015.jpg</path>
	<source>
		<database>Unknown</database>
	</source>
	<size>
		<width>224</width>
		<height>224</height>
		<depth>3</depth>
	</size>
	<segmented>0</segmented>
	<object>
		<name>tennis</name>
		<pose>Unspecified</pose>
		<truncated>0</truncated>
		<difficult>0</difficult>
		<bndbox>
			<xmin>83</xmin>
			<ymin>71</ymin>
			<xmax>95</xmax>
			<ymax>86</ymax>
		</bndbox>
	</object>
	<object>
		<name>tennis</name>
		<pose>Unspecified</pose>
		<truncated>0</truncated>
		<difficult>0</difficult>
		<bndbox>
			<xmin>147</xmin>
			<ymin>58</ymin>
			<xmax>155</xmax>
			<ymax>69</ymax>
		</bndbox>
	</object>
</annotation>
