<annotation>
	<folder>images</folder>
	<filename>1_010.jpg</filename>
	<path>E:\Datasets\new_tennis\lyx\images\1_010.jpg</path>
	<source>
		<database>Unknown</database>
	</source>
	<size>
		<width>224</width>
		<height>224</height>
		<depth>3</depth>
	</size>
	<segmented>0</segmented>
	<object>
		<name>tennis</name>
		<pose>Unspecified</pose>
		<truncated>0</truncated>
		<difficult>0</difficult>
		<bndbox>
			<xmin>86</xmin>
			<ymin>63</ymin>
			<xmax>98</xmax>
			<ymax>78</ymax>
		</bndbox>
	</object>
	<object>
		<name>tennis</name>
		<pose>Unspecified</pose>
		<truncated>0</truncated>
		<difficult>0</difficult>
		<bndbox>
			<xmin>149</xmin>
			<ymin>49</ymin>
			<xmax>159</xmax>
			<ymax>61</ymax>
		</bndbox>
	</object>
</annotation>
