<annotation>
	<folder>images</folder>
	<filename>1_018.jpg</filename>
	<path>E:\Datasets\new_tennis\lyx\images\1_018.jpg</path>
	<source>
		<database>Unknown</database>
	</source>
	<size>
		<width>224</width>
		<height>224</height>
		<depth>3</depth>
	</size>
	<segmented>0</segmented>
	<object>
		<name>tennis</name>
		<pose>Unspecified</pose>
		<truncated>0</truncated>
		<difficult>0</difficult>
		<bndbox>
			<xmin>94</xmin>
			<ymin>54</ymin>
			<xmax>107</xmax>
			<ymax>68</ymax>
		</bndbox>
	</object>
	<object>
		<name>tennis</name>
		<pose>Unspecified</pose>
		<truncated>0</truncated>
		<difficult>0</difficult>
		<bndbox>
			<xmin>160</xmin>
			<ymin>38</ymin>
			<xmax>169</xmax>
			<ymax>50</ymax>
		</bndbox>
	</object>
</annotation>
