<annotation>
	<folder>images</folder>
	<filename>1_017.jpg</filename>
	<path>E:\Datasets\new_tennis\lyx\images\1_017.jpg</path>
	<source>
		<database>Unknown</database>
	</source>
	<size>
		<width>224</width>
		<height>224</height>
		<depth>3</depth>
	</size>
	<segmented>0</segmented>
	<object>
		<name>tennis</name>
		<pose>Unspecified</pose>
		<truncated>0</truncated>
		<difficult>0</difficult>
		<bndbox>
			<xmin>91</xmin>
			<ymin>51</ymin>
			<xmax>104</xmax>
			<ymax>68</ymax>
		</bndbox>
	</object>
	<object>
		<name>tennis</name>
		<pose>Unspecified</pose>
		<truncated>0</truncated>
		<difficult>0</difficult>
		<bndbox>
			<xmin>157</xmin>
			<ymin>37</ymin>
			<xmax>166</xmax>
			<ymax>49</ymax>
		</bndbox>
	</object>
</annotation>
