<annotation>
	<folder>images</folder>
	<filename>1_023.jpg</filename>
	<path>E:\Datasets\new_tennis\lyx\images\1_023.jpg</path>
	<source>
		<database>Unknown</database>
	</source>
	<size>
		<width>224</width>
		<height>224</height>
		<depth>3</depth>
	</size>
	<segmented>0</segmented>
	<object>
		<name>tennis</name>
		<pose>Unspecified</pose>
		<truncated>0</truncated>
		<difficult>0</difficult>
		<bndbox>
			<xmin>96</xmin>
			<ymin>69</ymin>
			<xmax>110</xmax>
			<ymax>86</ymax>
		</bndbox>
	</object>
	<object>
		<name>tennis</name>
		<pose>Unspecified</pose>
		<truncated>0</truncated>
		<difficult>0</difficult>
		<bndbox>
			<xmin>164</xmin>
			<ymin>55</ymin>
			<xmax>174</xmax>
			<ymax>67</ymax>
		</bndbox>
	</object>
</annotation>
