<annotation>
	<folder>images</folder>
	<filename>1_025.jpg</filename>
	<path>E:\Datasets\new_tennis\lyx\images\1_025.jpg</path>
	<source>
		<database>Unknown</database>
	</source>
	<size>
		<width>224</width>
		<height>224</height>
		<depth>3</depth>
	</size>
	<segmented>0</segmented>
	<object>
		<name>tennis</name>
		<pose>Unspecified</pose>
		<truncated>0</truncated>
		<difficult>0</difficult>
		<bndbox>
			<xmin>92</xmin>
			<ymin>57</ymin>
			<xmax>108</xmax>
			<ymax>74</ymax>
		</bndbox>
	</object>
	<object>
		<name>tennis</name>
		<pose>Unspecified</pose>
		<truncated>0</truncated>
		<difficult>0</difficult>
		<bndbox>
			<xmin>163</xmin>
			<ymin>40</ymin>
			<xmax>174</xmax>
			<ymax>54</ymax>
		</bndbox>
	</object>
</annotation>
