<annotation>
	<folder>images</folder>
	<filename>1_030.jpg</filename>
	<path>E:\Datasets\new_tennis\lyx\images\1_030.jpg</path>
	<source>
		<database>Unknown</database>
	</source>
	<size>
		<width>224</width>
		<height>224</height>
		<depth>3</depth>
	</size>
	<segmented>0</segmented>
	<object>
		<name>tennis</name>
		<pose>Unspecified</pose>
		<truncated>0</truncated>
		<difficult>0</difficult>
		<bndbox>
			<xmin>98</xmin>
			<ymin>71</ymin>
			<xmax>113</xmax>
			<ymax>90</ymax>
		</bndbox>
	</object>
	<object>
		<name>tennis</name>
		<pose>Unspecified</pose>
		<truncated>0</truncated>
		<difficult>0</difficult>
		<bndbox>
			<xmin>172</xmin>
			<ymin>54</ymin>
			<xmax>182</xmax>
			<ymax>67</ymax>
		</bndbox>
	</object>
</annotation>
