<annotation>
	<folder>images</folder>
	<filename>1_032.jpg</filename>
	<path>E:\Datasets\new_tennis\lyx\images\1_032.jpg</path>
	<source>
		<database>Unknown</database>
	</source>
	<size>
		<width>224</width>
		<height>224</height>
		<depth>3</depth>
	</size>
	<segmented>0</segmented>
	<object>
		<name>tennis</name>
		<pose>Unspecified</pose>
		<truncated>0</truncated>
		<difficult>0</difficult>
		<bndbox>
			<xmin>101</xmin>
			<ymin>70</ymin>
			<xmax>116</xmax>
			<ymax>89</ymax>
		</bndbox>
	</object>
	<object>
		<name>tennis</name>
		<pose>Unspecified</pose>
		<truncated>0</truncated>
		<difficult>0</difficult>
		<bndbox>
			<xmin>177</xmin>
			<ymin>53</ymin>
			<xmax>190</xmax>
			<ymax>68</ymax>
		</bndbox>
	</object>
</annotation>
