<annotation>
	<folder>images</folder>
	<filename>1_035.jpg</filename>
	<path>E:\Datasets\new_tennis\lyx\images\1_035.jpg</path>
	<source>
		<database>Unknown</database>
	</source>
	<size>
		<width>224</width>
		<height>224</height>
		<depth>3</depth>
	</size>
	<segmented>0</segmented>
	<object>
		<name>tennis</name>
		<pose>Unspecified</pose>
		<truncated>0</truncated>
		<difficult>0</difficult>
		<bndbox>
			<xmin>112</xmin>
			<ymin>67</ymin>
			<xmax>129</xmax>
			<ymax>85</ymax>
		</bndbox>
	</object>
	<object>
		<name>tennis</name>
		<pose>Unspecified</pose>
		<truncated>0</truncated>
		<difficult>0</difficult>
		<bndbox>
			<xmin>194</xmin>
			<ymin>49</ymin>
			<xmax>206</xmax>
			<ymax>62</ymax>
		</bndbox>
	</object>
</annotation>
