<annotation>
	<folder>images</folder>
	<filename>1_033.jpg</filename>
	<path>E:\Datasets\new_tennis\lyx\images\1_033.jpg</path>
	<source>
		<database>Unknown</database>
	</source>
	<size>
		<width>224</width>
		<height>224</height>
		<depth>3</depth>
	</size>
	<segmented>0</segmented>
	<object>
		<name>tennis</name>
		<pose>Unspecified</pose>
		<truncated>0</truncated>
		<difficult>0</difficult>
		<bndbox>
			<xmin>102</xmin>
			<ymin>79</ymin>
			<xmax>117</xmax>
			<ymax>97</ymax>
		</bndbox>
	</object>
	<object>
		<name>tennis</name>
		<pose>Unspecified</pose>
		<truncated>0</truncated>
		<difficult>0</difficult>
		<bndbox>
			<xmin>179</xmin>
			<ymin>60</ymin>
			<xmax>191</xmax>
			<ymax>75</ymax>
		</bndbox>
	</object>
</annotation>
