<annotation>
	<folder>images</folder>
	<filename>1_048.jpg</filename>
	<path>E:\Datasets\new_tennis\lyx\images\1_048.jpg</path>
	<source>
		<database>Unknown</database>
	</source>
	<size>
		<width>224</width>
		<height>224</height>
		<depth>3</depth>
	</size>
	<segmented>0</segmented>
	<object>
		<name>tennis</name>
		<pose>Unspecified</pose>
		<truncated>0</truncated>
		<difficult>0</difficult>
		<bndbox>
			<xmin>130</xmin>
			<ymin>76</ymin>
			<xmax>147</xmax>
			<ymax>96</ymax>
		</bndbox>
	</object>
	<object>
		<name>tennis</name>
		<pose>Unspecified</pose>
		<truncated>1</truncated>
		<difficult>0</difficult>
		<bndbox>
			<xmin>213</xmin>
			<ymin>58</ymin>
			<xmax>224</xmax>
			<ymax>73</ymax>
		</bndbox>
	</object>
</annotation>
