<annotation>
	<folder>images</folder>
	<filename>1_058.jpg</filename>
	<path>E:\Datasets\new_tennis\lyx\images\1_058.jpg</path>
	<source>
		<database>Unknown</database>
	</source>
	<size>
		<width>224</width>
		<height>224</height>
		<depth>3</depth>
	</size>
	<segmented>0</segmented>
	<object>
		<name>tennis</name>
		<pose>Unspecified</pose>
		<truncated>0</truncated>
		<difficult>0</difficult>
		<bndbox>
			<xmin>34</xmin>
			<ymin>61</ymin>
			<xmax>54</xmax>
			<ymax>83</ymax>
		</bndbox>
	</object>
	<object>
		<name>tennis</name>
		<pose>Unspecified</pose>
		<truncated>0</truncated>
		<difficult>0</difficult>
		<bndbox>
			<xmin>116</xmin>
			<ymin>34</ymin>
			<xmax>129</xmax>
			<ymax>47</ymax>
		</bndbox>
	</object>
</annotation>
