<annotation>
	<folder>images</folder>
	<filename>1_054.jpg</filename>
	<path>E:\Datasets\new_tennis\lyx\images\1_054.jpg</path>
	<source>
		<database>Unknown</database>
	</source>
	<size>
		<width>224</width>
		<height>224</height>
		<depth>3</depth>
	</size>
	<segmented>0</segmented>
	<object>
		<name>tennis</name>
		<pose>Unspecified</pose>
		<truncated>0</truncated>
		<difficult>0</difficult>
		<bndbox>
			<xmin>57</xmin>
			<ymin>66</ymin>
			<xmax>75</xmax>
			<ymax>89</ymax>
		</bndbox>
	</object>
	<object>
		<name>tennis</name>
		<pose>Unspecified</pose>
		<truncated>0</truncated>
		<difficult>0</difficult>
		<bndbox>
			<xmin>136</xmin>
			<ymin>42</ymin>
			<xmax>147</xmax>
			<ymax>56</ymax>
		</bndbox>
	</object>
</annotation>
