<annotation>
	<folder>images</folder>
	<filename>1_056.jpg</filename>
	<path>E:\Datasets\new_tennis\lyx\images\1_056.jpg</path>
	<source>
		<database>Unknown</database>
	</source>
	<size>
		<width>224</width>
		<height>224</height>
		<depth>3</depth>
	</size>
	<segmented>0</segmented>
	<object>
		<name>tennis</name>
		<pose>Unspecified</pose>
		<truncated>0</truncated>
		<difficult>0</difficult>
		<bndbox>
			<xmin>42</xmin>
			<ymin>74</ymin>
			<xmax>59</xmax>
			<ymax>97</ymax>
		</bndbox>
	</object>
	<object>
		<name>tennis</name>
		<pose>Unspecified</pose>
		<truncated>0</truncated>
		<difficult>0</difficult>
		<bndbox>
			<xmin>122</xmin>
			<ymin>47</ymin>
			<xmax>135</xmax>
			<ymax>61</ymax>
		</bndbox>
	</object>
</annotation>
