<annotation>
	<folder>images</folder>
	<filename>1_061.jpg</filename>
	<path>E:\Datasets\new_tennis\lyx\images\1_061.jpg</path>
	<source>
		<database>Unknown</database>
	</source>
	<size>
		<width>224</width>
		<height>224</height>
		<depth>3</depth>
	</size>
	<segmented>0</segmented>
	<object>
		<name>tennis</name>
		<pose>Unspecified</pose>
		<truncated>0</truncated>
		<difficult>0</difficult>
		<bndbox>
			<xmin>42</xmin>
			<ymin>68</ymin>
			<xmax>60</xmax>
			<ymax>90</ymax>
		</bndbox>
	</object>
	<object>
		<name>tennis</name>
		<pose>Unspecified</pose>
		<truncated>0</truncated>
		<difficult>0</difficult>
		<bndbox>
			<xmin>124</xmin>
			<ymin>40</ymin>
			<xmax>135</xmax>
			<ymax>55</ymax>
		</bndbox>
	</object>
</annotation>
