<annotation>
	<folder>images</folder>
	<filename>1_067.jpg</filename>
	<path>E:\Datasets\new_tennis\lyx\images\1_067.jpg</path>
	<source>
		<database>Unknown</database>
	</source>
	<size>
		<width>224</width>
		<height>224</height>
		<depth>3</depth>
	</size>
	<segmented>0</segmented>
	<object>
		<name>tennis</name>
		<pose>Unspecified</pose>
		<truncated>0</truncated>
		<difficult>0</difficult>
		<bndbox>
			<xmin>61</xmin>
			<ymin>71</ymin>
			<xmax>81</xmax>
			<ymax>94</ymax>
		</bndbox>
	</object>
	<object>
		<name>tennis</name>
		<pose>Unspecified</pose>
		<truncated>0</truncated>
		<difficult>0</difficult>
		<bndbox>
			<xmin>146</xmin>
			<ymin>43</ymin>
			<xmax>159</xmax>
			<ymax>57</ymax>
		</bndbox>
	</object>
</annotation>
