<annotation>
	<folder>images</folder>
	<filename>1_060.jpg</filename>
	<path>E:\Datasets\new_tennis\lyx\images\1_060.jpg</path>
	<source>
		<database>Unknown</database>
	</source>
	<size>
		<width>224</width>
		<height>224</height>
		<depth>3</depth>
	</size>
	<segmented>0</segmented>
	<object>
		<name>tennis</name>
		<pose>Unspecified</pose>
		<truncated>0</truncated>
		<difficult>0</difficult>
		<bndbox>
			<xmin>38</xmin>
			<ymin>57</ymin>
			<xmax>57</xmax>
			<ymax>82</ymax>
		</bndbox>
	</object>
	<object>
		<name>tennis</name>
		<pose>Unspecified</pose>
		<truncated>0</truncated>
		<difficult>0</difficult>
		<bndbox>
			<xmin>119</xmin>
			<ymin>29</ymin>
			<xmax>132</xmax>
			<ymax>44</ymax>
		</bndbox>
	</object>
</annotation>
