<annotation>
	<folder>images</folder>
	<filename>1_068.jpg</filename>
	<path>E:\Datasets\new_tennis\lyx\images\1_068.jpg</path>
	<source>
		<database>Unknown</database>
	</source>
	<size>
		<width>224</width>
		<height>224</height>
		<depth>3</depth>
	</size>
	<segmented>0</segmented>
	<object>
		<name>tennis</name>
		<pose>Unspecified</pose>
		<truncated>0</truncated>
		<difficult>0</difficult>
		<bndbox>
			<xmin>69</xmin>
			<ymin>65</ymin>
			<xmax>87</xmax>
			<ymax>89</ymax>
		</bndbox>
	</object>
	<object>
		<name>tennis</name>
		<pose>Unspecified</pose>
		<truncated>0</truncated>
		<difficult>0</difficult>
		<bndbox>
			<xmin>154</xmin>
			<ymin>38</ymin>
			<xmax>166</xmax>
			<ymax>52</ymax>
		</bndbox>
	</object>
</annotation>
