<annotation>
	<folder>images</folder>
	<filename>1_069.jpg</filename>
	<path>E:\Datasets\new_tennis\lyx\images\1_069.jpg</path>
	<source>
		<database>Unknown</database>
	</source>
	<size>
		<width>224</width>
		<height>224</height>
		<depth>3</depth>
	</size>
	<segmented>0</segmented>
	<object>
		<name>tennis</name>
		<pose>Unspecified</pose>
		<truncated>0</truncated>
		<difficult>0</difficult>
		<bndbox>
			<xmin>72</xmin>
			<ymin>82</ymin>
			<xmax>91</xmax>
			<ymax>108</ymax>
		</bndbox>
	</object>
	<object>
		<name>tennis</name>
		<pose>Unspecified</pose>
		<truncated>0</truncated>
		<difficult>0</difficult>
		<bndbox>
			<xmin>157</xmin>
			<ymin>55</ymin>
			<xmax>168</xmax>
			<ymax>71</ymax>
		</bndbox>
	</object>
</annotation>
