<annotation>
	<folder>images</folder>
	<filename>1_072.jpg</filename>
	<path>E:\Datasets\new_tennis\lyx\images\1_072.jpg</path>
	<source>
		<database>Unknown</database>
	</source>
	<size>
		<width>224</width>
		<height>224</height>
		<depth>3</depth>
	</size>
	<segmented>0</segmented>
	<object>
		<name>tennis</name>
		<pose>Unspecified</pose>
		<truncated>0</truncated>
		<difficult>0</difficult>
		<bndbox>
			<xmin>96</xmin>
			<ymin>85</ymin>
			<xmax>114</xmax>
			<ymax>104</ymax>
		</bndbox>
	</object>
	<object>
		<name>tennis</name>
		<pose>Unspecified</pose>
		<truncated>0</truncated>
		<difficult>0</difficult>
		<bndbox>
			<xmin>178</xmin>
			<ymin>61</ymin>
			<xmax>190</xmax>
			<ymax>76</ymax>
		</bndbox>
	</object>
</annotation>
