<annotation>
	<folder>images</folder>
	<filename>1_088.jpg</filename>
	<path>E:\Datasets\new_tennis\lyx\images\1_088.jpg</path>
	<source>
		<database>Unknown</database>
	</source>
	<size>
		<width>224</width>
		<height>224</height>
		<depth>3</depth>
	</size>
	<segmented>0</segmented>
	<object>
		<name>tennis</name>
		<pose>Unspecified</pose>
		<truncated>0</truncated>
		<difficult>0</difficult>
		<bndbox>
			<xmin>43</xmin>
			<ymin>55</ymin>
			<xmax>60</xmax>
			<ymax>74</ymax>
		</bndbox>
	</object>
	<object>
		<name>tennis</name>
		<pose>Unspecified</pose>
		<truncated>0</truncated>
		<difficult>0</difficult>
		<bndbox>
			<xmin>119</xmin>
			<ymin>31</ymin>
			<xmax>129</xmax>
			<ymax>44</ymax>
		</bndbox>
	</object>
</annotation>
