<annotation>
	<folder>images</folder>
	<filename>1_086.jpg</filename>
	<path>E:\Datasets\new_tennis\lyx\images\1_086.jpg</path>
	<source>
		<database>Unknown</database>
	</source>
	<size>
		<width>224</width>
		<height>224</height>
		<depth>3</depth>
	</size>
	<segmented>0</segmented>
	<object>
		<name>tennis</name>
		<pose>Unspecified</pose>
		<truncated>0</truncated>
		<difficult>0</difficult>
		<bndbox>
			<xmin>57</xmin>
			<ymin>62</ymin>
			<xmax>73</xmax>
			<ymax>82</ymax>
		</bndbox>
	</object>
	<object>
		<name>tennis</name>
		<pose>Unspecified</pose>
		<truncated>0</truncated>
		<difficult>0</difficult>
		<bndbox>
			<xmin>131</xmin>
			<ymin>41</ymin>
			<xmax>141</xmax>
			<ymax>55</ymax>
		</bndbox>
	</object>
</annotation>
