<annotation>
	<folder>images</folder>
	<filename>1_093.jpg</filename>
	<path>E:\Datasets\new_tennis\lyx\images\1_093.jpg</path>
	<source>
		<database>Unknown</database>
	</source>
	<size>
		<width>224</width>
		<height>224</height>
		<depth>3</depth>
	</size>
	<segmented>0</segmented>
	<object>
		<name>tennis</name>
		<pose>Unspecified</pose>
		<truncated>0</truncated>
		<difficult>0</difficult>
		<bndbox>
			<xmin>10</xmin>
			<ymin>89</ymin>
			<xmax>29</xmax>
			<ymax>111</ymax>
		</bndbox>
	</object>
	<object>
		<name>tennis</name>
		<pose>Unspecified</pose>
		<truncated>0</truncated>
		<difficult>0</difficult>
		<bndbox>
			<xmin>95</xmin>
			<ymin>60</ymin>
			<xmax>108</xmax>
			<ymax>75</ymax>
		</bndbox>
	</object>
</annotation>
