<annotation>
	<folder>images</folder>
	<filename>1_097.jpg</filename>
	<path>E:\Datasets\new_tennis\lyx\images\1_097.jpg</path>
	<source>
		<database>Unknown</database>
	</source>
	<size>
		<width>224</width>
		<height>224</height>
		<depth>3</depth>
	</size>
	<segmented>0</segmented>
	<object>
		<name>tennis</name>
		<pose>Unspecified</pose>
		<truncated>0</truncated>
		<difficult>0</difficult>
		<bndbox>
			<xmin>50</xmin>
			<ymin>73</ymin>
			<xmax>69</xmax>
			<ymax>93</ymax>
		</bndbox>
	</object>
	<object>
		<name>tennis</name>
		<pose>Unspecified</pose>
		<truncated>0</truncated>
		<difficult>0</difficult>
		<bndbox>
			<xmin>140</xmin>
			<ymin>45</ymin>
			<xmax>152</xmax>
			<ymax>59</ymax>
		</bndbox>
	</object>
</annotation>
