<annotation>
	<folder>images</folder>
	<filename>1_098.jpg</filename>
	<path>E:\Datasets\new_tennis\lyx\images\1_098.jpg</path>
	<source>
		<database>Unknown</database>
	</source>
	<size>
		<width>224</width>
		<height>224</height>
		<depth>3</depth>
	</size>
	<segmented>0</segmented>
	<object>
		<name>tennis</name>
		<pose>Unspecified</pose>
		<truncated>0</truncated>
		<difficult>0</difficult>
		<bndbox>
			<xmin>56</xmin>
			<ymin>81</ymin>
			<xmax>73</xmax>
			<ymax>105</ymax>
		</bndbox>
	</object>
	<object>
		<name>tennis</name>
		<pose>Unspecified</pose>
		<truncated>0</truncated>
		<difficult>0</difficult>
		<bndbox>
			<xmin>146</xmin>
			<ymin>56</ymin>
			<xmax>157</xmax>
			<ymax>69</ymax>
		</bndbox>
	</object>
</annotation>
