<annotation>
	<folder>images</folder>
	<filename>1_106.jpg</filename>
	<path>E:\Datasets\new_tennis\lyx\images\1_106.jpg</path>
	<source>
		<database>Unknown</database>
	</source>
	<size>
		<width>224</width>
		<height>224</height>
		<depth>3</depth>
	</size>
	<segmented>0</segmented>
	<object>
		<name>tennis</name>
		<pose>Unspecified</pose>
		<truncated>0</truncated>
		<difficult>0</difficult>
		<bndbox>
			<xmin>77</xmin>
			<ymin>88</ymin>
			<xmax>99</xmax>
			<ymax>113</ymax>
		</bndbox>
	</object>
	<object>
		<name>tennis</name>
		<pose>Unspecified</pose>
		<truncated>0</truncated>
		<difficult>0</difficult>
		<bndbox>
			<xmin>187</xmin>
			<ymin>51</ymin>
			<xmax>202</xmax>
			<ymax>67</ymax>
		</bndbox>
	</object>
</annotation>
