<annotation>
	<folder>images</folder>
	<filename>1_103.jpg</filename>
	<path>E:\Datasets\new_tennis\lyx\images\1_103.jpg</path>
	<source>
		<database>Unknown</database>
	</source>
	<size>
		<width>224</width>
		<height>224</height>
		<depth>3</depth>
	</size>
	<segmented>0</segmented>
	<object>
		<name>tennis</name>
		<pose>Unspecified</pose>
		<truncated>0</truncated>
		<difficult>0</difficult>
		<bndbox>
			<xmin>64</xmin>
			<ymin>89</ymin>
			<xmax>85</xmax>
			<ymax>115</ymax>
		</bndbox>
	</object>
	<object>
		<name>tennis</name>
		<pose>Unspecified</pose>
		<truncated>0</truncated>
		<difficult>0</difficult>
		<bndbox>
			<xmin>167</xmin>
			<ymin>56</ymin>
			<xmax>181</xmax>
			<ymax>76</ymax>
		</bndbox>
	</object>
</annotation>
