<annotation>
	<folder>images</folder>
	<filename>1_104.jpg</filename>
	<path>E:\Datasets\new_tennis\lyx\images\1_104.jpg</path>
	<source>
		<database>Unknown</database>
	</source>
	<size>
		<width>224</width>
		<height>224</height>
		<depth>3</depth>
	</size>
	<segmented>0</segmented>
	<object>
		<name>tennis</name>
		<pose>Unspecified</pose>
		<truncated>0</truncated>
		<difficult>0</difficult>
		<bndbox>
			<xmin>63</xmin>
			<ymin>94</ymin>
			<xmax>85</xmax>
			<ymax>121</ymax>
		</bndbox>
	</object>
	<object>
		<name>tennis</name>
		<pose>Unspecified</pose>
		<truncated>0</truncated>
		<difficult>0</difficult>
		<bndbox>
			<xmin>169</xmin>
			<ymin>62</ymin>
			<xmax>185</xmax>
			<ymax>78</ymax>
		</bndbox>
	</object>
</annotation>
