<annotation>
	<folder>images</folder>
	<filename>1_119.jpg</filename>
	<path>E:\Datasets\new_tennis\lyx\images\1_119.jpg</path>
	<source>
		<database>Unknown</database>
	</source>
	<size>
		<width>224</width>
		<height>224</height>
		<depth>3</depth>
	</size>
	<segmented>0</segmented>
	<object>
		<name>tennis</name>
		<pose>Unspecified</pose>
		<truncated>0</truncated>
		<difficult>0</difficult>
		<bndbox>
			<xmin>156</xmin>
			<ymin>139</ymin>
			<xmax>186</xmax>
			<ymax>177</ymax>
		</bndbox>
	</object>
</annotation>
