<annotation>
	<folder>images</folder>
	<filename>1_133.jpg</filename>
	<path>E:\Datasets\new_tennis\lyx\images\1_133.jpg</path>
	<source>
		<database>Unknown</database>
	</source>
	<size>
		<width>224</width>
		<height>224</height>
		<depth>3</depth>
	</size>
	<segmented>0</segmented>
	<object>
		<name>tennis</name>
		<pose>Unspecified</pose>
		<truncated>0</truncated>
		<difficult>0</difficult>
		<bndbox>
			<xmin>59</xmin>
			<ymin>136</ymin>
			<xmax>88</xmax>
			<ymax>171</ymax>
		</bndbox>
	</object>
	<object>
		<name>tennis</name>
		<pose>Unspecified</pose>
		<truncated>0</truncated>
		<difficult>0</difficult>
		<bndbox>
			<xmin>179</xmin>
			<ymin>74</ymin>
			<xmax>196</xmax>
			<ymax>92</ymax>
		</bndbox>
	</object>
</annotation>
