<annotation>
	<folder>images</folder>
	<filename>1_139.jpg</filename>
	<path>E:\Datasets\new_tennis\lyx\images\1_139.jpg</path>
	<source>
		<database>Unknown</database>
	</source>
	<size>
		<width>224</width>
		<height>224</height>
		<depth>3</depth>
	</size>
	<segmented>0</segmented>
	<object>
		<name>tennis</name>
		<pose>Unspecified</pose>
		<truncated>0</truncated>
		<difficult>0</difficult>
		<bndbox>
			<xmin>7</xmin>
			<ymin>141</ymin>
			<xmax>39</xmax>
			<ymax>180</ymax>
		</bndbox>
	</object>
	<object>
		<name>tennis</name>
		<pose>Unspecified</pose>
		<truncated>0</truncated>
		<difficult>0</difficult>
		<bndbox>
			<xmin>128</xmin>
			<ymin>70</ymin>
			<xmax>143</xmax>
			<ymax>89</ymax>
		</bndbox>
	</object>
</annotation>
