<annotation>
	<folder>images</folder>
	<filename>1_147.jpg</filename>
	<path>E:\Datasets\new_tennis\lyx\images\1_147.jpg</path>
	<source>
		<database>Unknown</database>
	</source>
	<size>
		<width>224</width>
		<height>224</height>
		<depth>3</depth>
	</size>
	<segmented>0</segmented>
	<object>
		<name>tennis</name>
		<pose>Unspecified</pose>
		<truncated>0</truncated>
		<difficult>0</difficult>
		<bndbox>
			<xmin>27</xmin>
			<ymin>113</ymin>
			<xmax>54</xmax>
			<ymax>146</ymax>
		</bndbox>
	</object>
	<object>
		<name>tennis</name>
		<pose>Unspecified</pose>
		<truncated>0</truncated>
		<difficult>0</difficult>
		<bndbox>
			<xmin>130</xmin>
			<ymin>60</ymin>
			<xmax>145</xmax>
			<ymax>78</ymax>
		</bndbox>
	</object>
</annotation>
