<annotation>
	<folder>images</folder>
	<filename>1_149.jpg</filename>
	<path>E:\Datasets\new_tennis\lyx\images\1_149.jpg</path>
	<source>
		<database>Unknown</database>
	</source>
	<size>
		<width>224</width>
		<height>224</height>
		<depth>3</depth>
	</size>
	<segmented>0</segmented>
	<object>
		<name>tennis</name>
		<pose>Unspecified</pose>
		<truncated>0</truncated>
		<difficult>0</difficult>
		<bndbox>
			<xmin>29</xmin>
			<ymin>104</ymin>
			<xmax>57</xmax>
			<ymax>138</ymax>
		</bndbox>
	</object>
	<object>
		<name>tennis</name>
		<pose>Unspecified</pose>
		<truncated>0</truncated>
		<difficult>0</difficult>
		<bndbox>
			<xmin>130</xmin>
			<ymin>51</ymin>
			<xmax>144</xmax>
			<ymax>69</ymax>
		</bndbox>
	</object>
</annotation>
