<annotation>
	<folder>images</folder>
	<filename>1_140.jpg</filename>
	<path>E:\Datasets\new_tennis\lyx\images\1_140.jpg</path>
	<source>
		<database>Unknown</database>
	</source>
	<size>
		<width>224</width>
		<height>224</height>
		<depth>3</depth>
	</size>
	<segmented>0</segmented>
	<object>
		<name>tennis</name>
		<pose>Unspecified</pose>
		<truncated>0</truncated>
		<difficult>0</difficult>
		<bndbox>
			<xmin>5</xmin>
			<ymin>142</ymin>
			<xmax>38</xmax>
			<ymax>183</ymax>
		</bndbox>
	</object>
	<object>
		<name>tennis</name>
		<pose>Unspecified</pose>
		<truncated>0</truncated>
		<difficult>0</difficult>
		<bndbox>
			<xmin>125</xmin>
			<ymin>71</ymin>
			<xmax>141</xmax>
			<ymax>89</ymax>
		</bndbox>
	</object>
</annotation>
