<annotation>
	<folder>images</folder>
	<filename>1_143.jpg</filename>
	<path>E:\Datasets\new_tennis\lyx\images\1_143.jpg</path>
	<source>
		<database>Unknown</database>
	</source>
	<size>
		<width>224</width>
		<height>224</height>
		<depth>3</depth>
	</size>
	<segmented>0</segmented>
	<object>
		<name>tennis</name>
		<pose>Unspecified</pose>
		<truncated>0</truncated>
		<difficult>0</difficult>
		<bndbox>
			<xmin>4</xmin>
			<ymin>132</ymin>
			<xmax>37</xmax>
			<ymax>170</ymax>
		</bndbox>
	</object>
	<object>
		<name>tennis</name>
		<pose>Unspecified</pose>
		<truncated>0</truncated>
		<difficult>0</difficult>
		<bndbox>
			<xmin>120</xmin>
			<ymin>62</ymin>
			<xmax>136</xmax>
			<ymax>80</ymax>
		</bndbox>
	</object>
</annotation>
