<annotation>
	<folder>images</folder>
	<filename>1_146.jpg</filename>
	<path>E:\Datasets\new_tennis\lyx\images\1_146.jpg</path>
	<source>
		<database>Unknown</database>
	</source>
	<size>
		<width>224</width>
		<height>224</height>
		<depth>3</depth>
	</size>
	<segmented>0</segmented>
	<object>
		<name>tennis</name>
		<pose>Unspecified</pose>
		<truncated>0</truncated>
		<difficult>0</difficult>
		<bndbox>
			<xmin>17</xmin>
			<ymin>118</ymin>
			<xmax>46</xmax>
			<ymax>153</ymax>
		</bndbox>
	</object>
	<object>
		<name>tennis</name>
		<pose>Unspecified</pose>
		<truncated>0</truncated>
		<difficult>0</difficult>
		<bndbox>
			<xmin>125</xmin>
			<ymin>58</ymin>
			<xmax>142</xmax>
			<ymax>77</ymax>
		</bndbox>
	</object>
</annotation>
