<annotation>
	<folder>images</folder>
	<filename>1_142.jpg</filename>
	<path>E:\Datasets\new_tennis\lyx\images\1_142.jpg</path>
	<source>
		<database>Unknown</database>
	</source>
	<size>
		<width>224</width>
		<height>224</height>
		<depth>3</depth>
	</size>
	<segmented>0</segmented>
	<object>
		<name>tennis</name>
		<pose>Unspecified</pose>
		<truncated>1</truncated>
		<difficult>0</difficult>
		<bndbox>
			<xmin>1</xmin>
			<ymin>140</ymin>
			<xmax>33</xmax>
			<ymax>181</ymax>
		</bndbox>
	</object>
	<object>
		<name>tennis</name>
		<pose>Unspecified</pose>
		<truncated>0</truncated>
		<difficult>0</difficult>
		<bndbox>
			<xmin>120</xmin>
			<ymin>70</ymin>
			<xmax>136</xmax>
			<ymax>88</ymax>
		</bndbox>
	</object>
</annotation>
