<annotation>
	<folder>images</folder>
	<filename>1_145.jpg</filename>
	<path>E:\Datasets\new_tennis\lyx\images\1_145.jpg</path>
	<source>
		<database>Unknown</database>
	</source>
	<size>
		<width>224</width>
		<height>224</height>
		<depth>3</depth>
	</size>
	<segmented>0</segmented>
	<object>
		<name>tennis</name>
		<pose>Unspecified</pose>
		<truncated>0</truncated>
		<difficult>0</difficult>
		<bndbox>
			<xmin>15</xmin>
			<ymin>120</ymin>
			<xmax>44</xmax>
			<ymax>156</ymax>
		</bndbox>
	</object>
	<object>
		<name>tennis</name>
		<pose>Unspecified</pose>
		<truncated>0</truncated>
		<difficult>0</difficult>
		<bndbox>
			<xmin>125</xmin>
			<ymin>57</ymin>
			<xmax>140</xmax>
			<ymax>75</ymax>
		</bndbox>
	</object>
</annotation>
