<annotation>
	<folder>images</folder>
	<filename>1_157.jpg</filename>
	<path>E:\Datasets\new_tennis\lyx\images\1_157.jpg</path>
	<source>
		<database>Unknown</database>
	</source>
	<size>
		<width>224</width>
		<height>224</height>
		<depth>3</depth>
	</size>
	<segmented>0</segmented>
	<object>
		<name>tennis</name>
		<pose>Unspecified</pose>
		<truncated>0</truncated>
		<difficult>0</difficult>
		<bndbox>
			<xmin>25</xmin>
			<ymin>94</ymin>
			<xmax>51</xmax>
			<ymax>125</ymax>
		</bndbox>
	</object>
	<object>
		<name>tennis</name>
		<pose>Unspecified</pose>
		<truncated>0</truncated>
		<difficult>0</difficult>
		<bndbox>
			<xmin>124</xmin>
			<ymin>43</ymin>
			<xmax>136</xmax>
			<ymax>61</ymax>
		</bndbox>
	</object>
</annotation>
