<annotation>
	<folder>images</folder>
	<filename>1_156.jpg</filename>
	<path>E:\Datasets\new_tennis\lyx\images\1_156.jpg</path>
	<source>
		<database>Unknown</database>
	</source>
	<size>
		<width>224</width>
		<height>224</height>
		<depth>3</depth>
	</size>
	<segmented>0</segmented>
	<object>
		<name>tennis</name>
		<pose>Unspecified</pose>
		<truncated>0</truncated>
		<difficult>0</difficult>
		<bndbox>
			<xmin>10</xmin>
			<ymin>97</ymin>
			<xmax>36</xmax>
			<ymax>127</ymax>
		</bndbox>
	</object>
	<object>
		<name>tennis</name>
		<pose>Unspecified</pose>
		<truncated>0</truncated>
		<difficult>0</difficult>
		<bndbox>
			<xmin>108</xmin>
			<ymin>44</ymin>
			<xmax>124</xmax>
			<ymax>60</ymax>
		</bndbox>
	</object>
</annotation>
