<annotation>
	<folder>images</folder>
	<filename>1_153.jpg</filename>
	<path>E:\Datasets\new_tennis\lyx\images\1_153.jpg</path>
	<source>
		<database>Unknown</database>
	</source>
	<size>
		<width>224</width>
		<height>224</height>
		<depth>3</depth>
	</size>
	<segmented>0</segmented>
	<object>
		<name>tennis</name>
		<pose>Unspecified</pose>
		<truncated>0</truncated>
		<difficult>0</difficult>
		<bndbox>
			<xmin>4</xmin>
			<ymin>112</ymin>
			<xmax>30</xmax>
			<ymax>144</ymax>
		</bndbox>
	</object>
	<object>
		<name>tennis</name>
		<pose>Unspecified</pose>
		<truncated>0</truncated>
		<difficult>0</difficult>
		<bndbox>
			<xmin>103</xmin>
			<ymin>59</ymin>
			<xmax>116</xmax>
			<ymax>76</ymax>
		</bndbox>
	</object>
</annotation>
