<annotation>
	<folder>images</folder>
	<filename>1_150.jpg</filename>
	<path>E:\Datasets\new_tennis\lyx\images\1_150.jpg</path>
	<source>
		<database>Unknown</database>
	</source>
	<size>
		<width>224</width>
		<height>224</height>
		<depth>3</depth>
	</size>
	<segmented>0</segmented>
	<object>
		<name>tennis</name>
		<pose>Unspecified</pose>
		<truncated>0</truncated>
		<difficult>0</difficult>
		<bndbox>
			<xmin>27</xmin>
			<ymin>100</ymin>
			<xmax>53</xmax>
			<ymax>133</ymax>
		</bndbox>
	</object>
	<object>
		<name>tennis</name>
		<pose>Unspecified</pose>
		<truncated>0</truncated>
		<difficult>0</difficult>
		<bndbox>
			<xmin>124</xmin>
			<ymin>49</ymin>
			<xmax>142</xmax>
			<ymax>68</ymax>
		</bndbox>
	</object>
</annotation>
