<annotation>
	<folder>images</folder>
	<filename>1_151.jpg</filename>
	<path>E:\Datasets\new_tennis\lyx\images\1_151.jpg</path>
	<source>
		<database>Unknown</database>
	</source>
	<size>
		<width>224</width>
		<height>224</height>
		<depth>3</depth>
	</size>
	<segmented>0</segmented>
	<object>
		<name>tennis</name>
		<pose>Unspecified</pose>
		<truncated>0</truncated>
		<difficult>0</difficult>
		<bndbox>
			<xmin>20</xmin>
			<ymin>108</ymin>
			<xmax>46</xmax>
			<ymax>143</ymax>
		</bndbox>
	</object>
	<object>
		<name>tennis</name>
		<pose>Unspecified</pose>
		<truncated>0</truncated>
		<difficult>0</difficult>
		<bndbox>
			<xmin>118</xmin>
			<ymin>56</ymin>
			<xmax>133</xmax>
			<ymax>73</ymax>
		</bndbox>
	</object>
</annotation>
