<annotation>
	<folder>images</folder>
	<filename>1_167.jpg</filename>
	<path>E:\Datasets\new_tennis\lyx\images\1_167.jpg</path>
	<source>
		<database>Unknown</database>
	</source>
	<size>
		<width>224</width>
		<height>224</height>
		<depth>3</depth>
	</size>
	<segmented>0</segmented>
	<object>
		<name>tennis</name>
		<pose>Unspecified</pose>
		<truncated>0</truncated>
		<difficult>0</difficult>
		<bndbox>
			<xmin>119</xmin>
			<ymin>67</ymin>
			<xmax>135</xmax>
			<ymax>88</ymax>
		</bndbox>
	</object>
	<object>
		<name>tennis</name>
		<pose>Unspecified</pose>
		<truncated>1</truncated>
		<difficult>0</difficult>
		<bndbox>
			<xmin>1</xmin>
			<ymin>156</ymin>
			<xmax>14</xmax>
			<ymax>208</ymax>
		</bndbox>
	</object>
</annotation>
