<annotation>
	<folder>images</folder>
	<filename>1_160.jpg</filename>
	<path>E:\Datasets\new_tennis\lyx\images\1_160.jpg</path>
	<source>
		<database>Unknown</database>
	</source>
	<size>
		<width>224</width>
		<height>224</height>
		<depth>3</depth>
	</size>
	<segmented>0</segmented>
	<object>
		<name>tennis</name>
		<pose>Unspecified</pose>
		<truncated>0</truncated>
		<difficult>0</difficult>
		<bndbox>
			<xmin>23</xmin>
			<ymin>132</ymin>
			<xmax>52</xmax>
			<ymax>165</ymax>
		</bndbox>
	</object>
	<object>
		<name>tennis</name>
		<pose>Unspecified</pose>
		<truncated>0</truncated>
		<difficult>0</difficult>
		<bndbox>
			<xmin>131</xmin>
			<ymin>75</ymin>
			<xmax>145</xmax>
			<ymax>94</ymax>
		</bndbox>
	</object>
</annotation>
