<annotation>
	<folder>images</folder>
	<filename>1_163.jpg</filename>
	<path>E:\Datasets\new_tennis\lyx\images\1_163.jpg</path>
	<source>
		<database>Unknown</database>
	</source>
	<size>
		<width>224</width>
		<height>224</height>
		<depth>3</depth>
	</size>
	<segmented>0</segmented>
	<object>
		<name>tennis</name>
		<pose>Unspecified</pose>
		<truncated>0</truncated>
		<difficult>0</difficult>
		<bndbox>
			<xmin>15</xmin>
			<ymin>145</ymin>
			<xmax>47</xmax>
			<ymax>184</ymax>
		</bndbox>
	</object>
	<object>
		<name>tennis</name>
		<pose>Unspecified</pose>
		<truncated>0</truncated>
		<difficult>0</difficult>
		<bndbox>
			<xmin>134</xmin>
			<ymin>78</ymin>
			<xmax>148</xmax>
			<ymax>98</ymax>
		</bndbox>
	</object>
</annotation>
