<annotation>
	<folder>images</folder>
	<filename>1_162.jpg</filename>
	<path>E:\Datasets\new_tennis\lyx\images\1_162.jpg</path>
	<source>
		<database>Unknown</database>
	</source>
	<size>
		<width>224</width>
		<height>224</height>
		<depth>3</depth>
	</size>
	<segmented>0</segmented>
	<object>
		<name>tennis</name>
		<pose>Unspecified</pose>
		<truncated>0</truncated>
		<difficult>0</difficult>
		<bndbox>
			<xmin>17</xmin>
			<ymin>138</ymin>
			<xmax>49</xmax>
			<ymax>176</ymax>
		</bndbox>
	</object>
	<object>
		<name>tennis</name>
		<pose>Unspecified</pose>
		<truncated>0</truncated>
		<difficult>0</difficult>
		<bndbox>
			<xmin>134</xmin>
			<ymin>74</ymin>
			<xmax>149</xmax>
			<ymax>94</ymax>
		</bndbox>
	</object>
</annotation>
