<annotation>
	<folder>images</folder>
	<filename>1_218.jpg</filename>
	<path>E:\Datasets\new_tennis\lyx\images\1_218.jpg</path>
	<source>
		<database>Unknown</database>
	</source>
	<size>
		<width>224</width>
		<height>224</height>
		<depth>3</depth>
	</size>
	<segmented>0</segmented>
	<object>
		<name>tennis</name>
		<pose>Unspecified</pose>
		<truncated>1</truncated>
		<difficult>0</difficult>
		<bndbox>
			<xmin>1</xmin>
			<ymin>128</ymin>
			<xmax>26</xmax>
			<ymax>163</ymax>
		</bndbox>
	</object>
	<object>
		<name>tennis</name>
		<pose>Unspecified</pose>
		<truncated>0</truncated>
		<difficult>0</difficult>
		<bndbox>
			<xmin>194</xmin>
			<ymin>104</ymin>
			<xmax>212</xmax>
			<ymax>126</ymax>
		</bndbox>
	</object>
</annotation>
