<annotation>
	<folder>images</folder>
	<filename>1_216.jpg</filename>
	<path>E:\Datasets\new_tennis\lyx\images\1_216.jpg</path>
	<source>
		<database>Unknown</database>
	</source>
	<size>
		<width>224</width>
		<height>224</height>
		<depth>3</depth>
	</size>
	<segmented>0</segmented>
	<object>
		<name>tennis</name>
		<pose>Unspecified</pose>
		<truncated>1</truncated>
		<difficult>0</difficult>
		<bndbox>
			<xmin>1</xmin>
			<ymin>127</ymin>
			<xmax>20</xmax>
			<ymax>167</ymax>
		</bndbox>
	</object>
	<object>
		<name>tennis</name>
		<pose>Unspecified</pose>
		<truncated>0</truncated>
		<difficult>0</difficult>
		<bndbox>
			<xmin>198</xmin>
			<ymin>101</ymin>
			<xmax>217</xmax>
			<ymax>123</ymax>
		</bndbox>
	</object>
</annotation>
