<annotation>
	<folder>images</folder>
	<filename>1_221.jpg</filename>
	<path>E:\Datasets\new_tennis\lyx\images\1_221.jpg</path>
	<source>
		<database>Unknown</database>
	</source>
	<size>
		<width>224</width>
		<height>224</height>
		<depth>3</depth>
	</size>
	<segmented>0</segmented>
	<object>
		<name>tennis</name>
		<pose>Unspecified</pose>
		<truncated>0</truncated>
		<difficult>0</difficult>
		<bndbox>
			<xmin>36</xmin>
			<ymin>99</ymin>
			<xmax>57</xmax>
			<ymax>126</ymax>
		</bndbox>
	</object>
	<object>
		<name>tennis</name>
		<pose>Unspecified</pose>
		<truncated>1</truncated>
		<difficult>0</difficult>
		<bndbox>
			<xmin>211</xmin>
			<ymin>82</ymin>
			<xmax>224</xmax>
			<ymax>104</ymax>
		</bndbox>
	</object>
</annotation>
