<annotation>
	<folder>images</folder>
	<filename>1_222.jpg</filename>
	<path>E:\Datasets\new_tennis\lyx\images\1_222.jpg</path>
	<source>
		<database>Unknown</database>
	</source>
	<size>
		<width>224</width>
		<height>224</height>
		<depth>3</depth>
	</size>
	<segmented>0</segmented>
	<object>
		<name>tennis</name>
		<pose>Unspecified</pose>
		<truncated>0</truncated>
		<difficult>0</difficult>
		<bndbox>
			<xmin>43</xmin>
			<ymin>108</ymin>
			<xmax>63</xmax>
			<ymax>133</ymax>
		</bndbox>
	</object>
	<object>
		<name>tennis</name>
		<pose>Unspecified</pose>
		<truncated>1</truncated>
		<difficult>0</difficult>
		<bndbox>
			<xmin>213</xmin>
			<ymin>94</ymin>
			<xmax>224</xmax>
			<ymax>116</ymax>
		</bndbox>
	</object>
</annotation>
