<annotation>
	<folder>images</folder>
	<filename>1_231.jpg</filename>
	<path>E:\Datasets\new_tennis\lyx\images\1_231.jpg</path>
	<source>
		<database>Unknown</database>
	</source>
	<size>
		<width>224</width>
		<height>224</height>
		<depth>3</depth>
	</size>
	<segmented>0</segmented>
	<object>
		<name>tennis</name>
		<pose>Unspecified</pose>
		<truncated>0</truncated>
		<difficult>0</difficult>
		<bndbox>
			<xmin>105</xmin>
			<ymin>93</ymin>
			<xmax>123</xmax>
			<ymax>116</ymax>
		</bndbox>
	</object>
</annotation>
