<annotation>
	<folder>images</folder>
	<filename>1_238.jpg</filename>
	<path>E:\Datasets\new_tennis\lyx\images\1_238.jpg</path>
	<source>
		<database>Unknown</database>
	</source>
	<size>
		<width>224</width>
		<height>224</height>
		<depth>3</depth>
	</size>
	<segmented>0</segmented>
	<object>
		<name>tennis</name>
		<pose>Unspecified</pose>
		<truncated>1</truncated>
		<difficult>0</difficult>
		<bndbox>
			<xmin>1</xmin>
			<ymin>99</ymin>
			<xmax>22</xmax>
			<ymax>127</ymax>
		</bndbox>
	</object>
	<object>
		<name>tennis</name>
		<pose>Unspecified</pose>
		<truncated>0</truncated>
		<difficult>0</difficult>
		<bndbox>
			<xmin>168</xmin>
			<ymin>79</ymin>
			<xmax>184</xmax>
			<ymax>97</ymax>
		</bndbox>
	</object>
</annotation>
