<annotation>
	<folder>images</folder>
	<filename>1_249.jpg</filename>
	<path>E:\Datasets\new_tennis\lyx\images\1_249.jpg</path>
	<source>
		<database>Unknown</database>
	</source>
	<size>
		<width>224</width>
		<height>224</height>
		<depth>3</depth>
	</size>
	<segmented>0</segmented>
	<object>
		<name>tennis</name>
		<pose>Unspecified</pose>
		<truncated>0</truncated>
		<difficult>0</difficult>
		<bndbox>
			<xmin>31</xmin>
			<ymin>96</ymin>
			<xmax>50</xmax>
			<ymax>119</ymax>
		</bndbox>
	</object>
	<object>
		<name>tennis</name>
		<pose>Unspecified</pose>
		<truncated>0</truncated>
		<difficult>0</difficult>
		<bndbox>
			<xmin>192</xmin>
			<ymin>83</ymin>
			<xmax>209</xmax>
			<ymax>101</ymax>
		</bndbox>
	</object>
</annotation>
