<annotation>
	<folder>images</folder>
	<filename>1_244.jpg</filename>
	<path>E:\Datasets\new_tennis\lyx\images\1_244.jpg</path>
	<source>
		<database>Unknown</database>
	</source>
	<size>
		<width>224</width>
		<height>224</height>
		<depth>3</depth>
	</size>
	<segmented>0</segmented>
	<object>
		<name>tennis</name>
		<pose>Unspecified</pose>
		<truncated>0</truncated>
		<difficult>0</difficult>
		<bndbox>
			<xmin>163</xmin>
			<ymin>80</ymin>
			<xmax>177</xmax>
			<ymax>100</ymax>
		</bndbox>
	</object>
	<object>
		<name>tennis</name>
		<pose>Unspecified</pose>
		<truncated>1</truncated>
		<difficult>0</difficult>
		<bndbox>
			<xmin>1</xmin>
			<ymin>100</ymin>
			<xmax>17</xmax>
			<ymax>132</ymax>
		</bndbox>
	</object>
</annotation>
