<annotation>
	<folder>images</folder>
	<filename>1_251.jpg</filename>
	<path>E:\Datasets\new_tennis\lyx\images\1_251.jpg</path>
	<source>
		<database>Unknown</database>
	</source>
	<size>
		<width>224</width>
		<height>224</height>
		<depth>3</depth>
	</size>
	<segmented>0</segmented>
	<object>
		<name>tennis</name>
		<pose>Unspecified</pose>
		<truncated>0</truncated>
		<difficult>0</difficult>
		<bndbox>
			<xmin>31</xmin>
			<ymin>98</ymin>
			<xmax>51</xmax>
			<ymax>123</ymax>
		</bndbox>
	</object>
	<object>
		<name>tennis</name>
		<pose>Unspecified</pose>
		<truncated>0</truncated>
		<difficult>0</difficult>
		<bndbox>
			<xmin>193</xmin>
			<ymin>83</ymin>
			<xmax>208</xmax>
			<ymax>102</ymax>
		</bndbox>
	</object>
</annotation>
