<annotation>
	<folder>images</folder>
	<filename>2_002.jpg</filename>
	<path>E:\Datasets\new_tennis\lyx\images\2_002.jpg</path>
	<source>
		<database>Unknown</database>
	</source>
	<size>
		<width>224</width>
		<height>224</height>
		<depth>3</depth>
	</size>
	<segmented>0</segmented>
	<object>
		<name>tennis</name>
		<pose>Unspecified</pose>
		<truncated>0</truncated>
		<difficult>0</difficult>
		<bndbox>
			<xmin>175</xmin>
			<ymin>87</ymin>
			<xmax>190</xmax>
			<ymax>106</ymax>
		</bndbox>
	</object>
	<object>
		<name>tennis</name>
		<pose>Unspecified</pose>
		<truncated>0</truncated>
		<difficult>0</difficult>
		<bndbox>
			<xmin>114</xmin>
			<ymin>57</ymin>
			<xmax>124</xmax>
			<ymax>72</ymax>
		</bndbox>
	</object>
	<object>
		<name>tennis</name>
		<pose>Unspecified</pose>
		<truncated>0</truncated>
		<difficult>0</difficult>
		<bndbox>
			<xmin>69</xmin>
			<ymin>61</ymin>
			<xmax>82</xmax>
			<ymax>77</ymax>
		</bndbox>
	</object>
</annotation>
