<annotation>
	<folder>images</folder>
	<filename>2_000.jpg</filename>
	<path>E:\Datasets\new_tennis\lyx\images\2_000.jpg</path>
	<source>
		<database>Unknown</database>
	</source>
	<size>
		<width>224</width>
		<height>224</height>
		<depth>3</depth>
	</size>
	<segmented>0</segmented>
	<object>
		<name>tennis</name>
		<pose>Unspecified</pose>
		<truncated>0</truncated>
		<difficult>0</difficult>
		<bndbox>
			<xmin>69</xmin>
			<ymin>62</ymin>
			<xmax>83</xmax>
			<ymax>77</ymax>
		</bndbox>
	</object>
	<object>
		<name>tennis</name>
		<pose>Unspecified</pose>
		<truncated>0</truncated>
		<difficult>0</difficult>
		<bndbox>
			<xmin>113</xmin>
			<ymin>59</ymin>
			<xmax>123</xmax>
			<ymax>72</ymax>
		</bndbox>
	</object>
	<object>
		<name>tennis</name>
		<pose>Unspecified</pose>
		<truncated>0</truncated>
		<difficult>0</difficult>
		<bndbox>
			<xmin>176</xmin>
			<ymin>87</ymin>
			<xmax>191</xmax>
			<ymax>105</ymax>
		</bndbox>
	</object>
</annotation>
