<annotation>
	<folder>images</folder>
	<filename>2_005.jpg</filename>
	<path>E:\Datasets\new_tennis\lyx\images\2_005.jpg</path>
	<source>
		<database>Unknown</database>
	</source>
	<size>
		<width>224</width>
		<height>224</height>
		<depth>3</depth>
	</size>
	<segmented>0</segmented>
	<object>
		<name>tennis</name>
		<pose>Unspecified</pose>
		<truncated>0</truncated>
		<difficult>0</difficult>
		<bndbox>
			<xmin>69</xmin>
			<ymin>62</ymin>
			<xmax>81</xmax>
			<ymax>78</ymax>
		</bndbox>
	</object>
	<object>
		<name>tennis</name>
		<pose>Unspecified</pose>
		<truncated>0</truncated>
		<difficult>0</difficult>
		<bndbox>
			<xmin>113</xmin>
			<ymin>58</ymin>
			<xmax>123</xmax>
			<ymax>71</ymax>
		</bndbox>
	</object>
	<object>
		<name>tennis</name>
		<pose>Unspecified</pose>
		<truncated>0</truncated>
		<difficult>0</difficult>
		<bndbox>
			<xmin>173</xmin>
			<ymin>87</ymin>
			<xmax>191</xmax>
			<ymax>108</ymax>
		</bndbox>
	</object>
</annotation>
